296653597.0838122,33431249.558910005,394807112.3966149,192841561.90322104,23554005.318590038,126783759.50558813,293469505.3683312,316064001.3729959,154358525.41453132,414734415.64859706,1669718563.9001904,629427804.0754219,1467690682.1341474,192421698.74193808,878018022.3464825,53393356.49584536
297163317.2897855,33489472.82498056,395129252.83402246,194384943.92610738,23744149.0989506,126885046.06790979,293690819.8165198,321752568.93652636,155747308.01677126,418465453.9652101,1688908791.9671562,636664568.9820057,1477225365.2964823,196361271.10141942,895889703.6973673,53871239.033856556
297614594.3351222,33541119.67792868,395432120.04371476,195843485.3406085,23923964.225543544,126980074.36655784,293898071.21678,327382654.989976,157109658.03774834,422125465.5212449,1707897484.1536565,643825389.3160986,1486452743.770269,200283422.59276488,913680577.0606738,54339937.66247403
298007147.4180031,33586163.44689873,395715666.8933408,197215048.80067834,24093187.966182034,127068829.6866278,294091209.42391264,332947576.9168125,158444656.4495532,425711981.187427,1726672828.290771,650905811.3267478,1495366207.2854793,204183874.87481448,931371218.8927442,54799135.39628156
298340730.5013821,33624570.679089956,395979849.12445974,198497610.33024448,24251571.375971377,127151298.25185753,294270187.20294183,338440629.55696714,159751396.46536234,429222564.7284218,1745223036.3955395,657901390.3445044,1503959559.7043676,208058294.42718366,948941957.442268,55248519.52484126
298615132.55936235,33656317.181846075,396224625.3604785,199689295.36182877,24398879.901694253,127227467.2277555,294434960.2080762,343855098.2117362,161028984.55669245,432654815.53623086,1763536356.7453947,664807695.3317665,1512226365.7708588,211902300.08980662,966372907.0805771,55687781.9661568
298830179.09263045,33681383.021496855,396449958.67354906,200788290.87045646,24534894.311390966,127297324.72634515,294585487.12751514,349184271.87506187,162276541.48894995,436006371.2935371,1781601084.9563308,671620313.2817422,1520160614.609603,215711470.59002006,983644000.2463564,56116619.13999754
298985728.66721666,33699751.715268806,396655812.1816371,201792941.50356776,24659410.25461303,127360859.80244794,294721729.08566654,354421456.7901929,163493203.23040575,439274910.75819117,1799405579.0694401,678334854.3290571,1527756511.2397814,219481353.2562802,1000735029.9823313,56534733.64866585
299126525.6555539,33716466.310839646,396842153.6526431,202752172.0800769,24778405.11370893,127418062.45650254,294843649.6538832,359559990.039629,164678122.0262462,442458156.2970926,1816938268.7472823,684946955.8504153,1535008481.8090782,223207471.5939044,1017625679.902872,56941833.21615363
299252548.1097925,33731524.23111874,397008953.9243664,203665275.82263133,24891791.65222941,127468923.63965428,294951215.087338,364593253.39743125,165830467.35304025,445553876.57179916,1834187668.7642143,691452287.3117391,1541911181.046344,226885334.08602124,1034295566.5558072,57337631.5224907
299363776.2579538,33744923.13686712,397156186.7335035,204531577.0104891,24999486.392321303,127513435.2583446,295044394.53795487,369514687.2713471,166949426.89150664,448559889.16163975,1851142391.6249547,697846554.9667237,1548459498.9224958,230510443.01878643,1050724281.6436831,57721848.60058662
299460193.8934047,33756661.23880898,397283830.47149754,205350431.97072634,25101410.080833632,127551590.17743997,295123160.156721,374317804.66691905,168034207.50265488,451474063.06239843,1867791158.7944999,704125506.3232293,1554648566.3370926,234078303.04911906,1066891428.6367596,58094210.66757597
299541784.31454825,33766736.3840292,397391863.0347837,206121229.4054106,25197486.721039195,127583382.21823317,295187486.7529312,378996205.306112,169084036.07065463,454294321.3158179,1884122816.2563713,710284935.3561085,1560473762.862557,237584431.08675176,1082776672.3978426,58454451.894292764
299608534.30149406,33775146.95099204,397480266.85213715,206843391.60690424,25287644.709115617,127608806.1612955,295237351.91260105,383543589.55933374,170098160.510718,457018643.358647,1900126343.7802055,716320686.6187689,1565930720.8012602,241024364.70291504,1098359774.30224,58802313.30803626
299660432.0308667,33781891.48760975,397549023.40087205,207516375.45658562,25371817.265189182,127627857.69494204,295272731.2037553,387953772.5352921,171075850.5431274,459645067.5998971,1915790871.6126382,722228660.6357081,1571015323.546423,244393672.6161207,1113620646.7708297,59137545.08069358
299697466.9616747,33786968.49223485,397598118.525979,208139672.1075636,25449940.781270366,127640533.47477666,295293603.46962523,392220697.7950989,172016398.72478715,462171693.5821336,1931105687.4484847,728004817.5882909,1575723725.90982,247687962.66692427,1128539383.822468,59459904.424778976
299719633.5423339,33790377.32944429,397627544.6373505,208712808.50567254,25521956.6771737,127646831.12070657,295299950.4821648,396338451.047059,172919121.28905016,464596684.2204522,1946060248.1549606,733645181.8198706,1580052350.3043323,250902890.95727974,1143096298.886678,59769155.7933244
299726925.7083279,33792117.00367703,397637293.4687623,209235347.3771555,25587810.059981916,127646749.21756169,295291756.9436077,400301273.79290676,173783358.83446673,466918268.13929266,1960644195.7903004,739145847.0689698,1583997893.3804379,254034172.30267414,1157271975.0729237,60065073.05775744
299734329.6165895,33793877.195223704,397647246.4049536,209759197.4666213,25653848.80841393,127646669.64312898,295283774.14567655,404203651.67117023,174651922.99609023,469251470.84871936,1975337522.9712873,744687766.1783401,1587953326.1734333,257141095.5703912,1171336584.2620325,60362453.24613979
299741748.9216118,33795637.35348929,397657265.30215317,210284352.87191105,25720050.234267727,127646592.25568625,295275989.32808185,408043030.99640036,175524833.27221268,471596352.2489008,1990141111.5292988,750271259.7155707,1591918703.2249894,260221823.55880517,1185281826.4483676,60661331.017075576
299749182.33102196,33797397.24067802,397667348.15832096,210810816.73687834,25786414.50602459,127646516.92369795,295268390.6356133,411816877.84394675,176402111.25603127,473952970.4933665,2005055787.4024982,755896614.532799,1595894048.6608784,263274494.88177148,1199099259.6319537,60961714.081191584
299756631.393331,33799157.24647515,397677496.81151867,211338592.5171753,25852942.513402913,127646443.52245274,295260966.8134508,415522682.6733807,177283778.72071064,476321383.97300315,2020082380.7475717,761564139.8094016,1599879385.6565902,266297245.82214123,1212780430.4317186,61263609.22463321
299764094.56982094,33800917.07559485,397687708.9191921,211867683.34894243,25919634.36250605,127646371.93614803,295253707.3988949,419157963.21065545,178169857.4887655,478701651.46933323,2035221730.3473902,767274150.2366856,1603874738.6320806,269288213.4617242,1226316893.3848722,61567024.3134425
299771573.2379359,33802677.07335879,397697986.0943561,212398092.68331462,25986490.892414536,127646302.05429903,295246602.39511305,422720267.05044127,179060369.56045845,481093831.995561,2050474679.2137225,773026985.3811119,1607880131.043722,272245536.2221987,1239700207.8014786,61871966.28812832
299779067.23648053,33804437.24454529,397708327.866929,212929823.8187351,26053512.55394104,127646233.77273431,295239642.3631696,426207174.4834771,179955337.01509264,483497984.9047767,2065842077.8601089,778822974.7691334,1611895586.9949698,275167356.69115126,1252921953.75919,62178442.64248001
299786574.7919039,33806197.239411674,397718731.541636,213462879.8950498,26120699.394431338,127646166.99418475,295232818.4773772,429616301.2186473,180854782.0163104,485914169.9065591,2081324784.460688,784662442.1048195,1615921131.257239,278051823.6082001,1265973742.4518993,62486461.44427393
299794097.0430762,33807957.34735021,397729198.4333164,213997264.3624231,26188052.18995677,127646101.62548351,295226122.2700948,432945300.9691813,181758726.90658677,488342446.9479827,2096923661.5836425,790545713.1579758,1619956787.6646223,280897092.74047226,1278847215.6425638,62796029.84699619
299801632.00496763,33809717.17037039,397739725.52631694,214532980.35898012,26255570.93507165,127646037.58004421,295219545.85980725,436191868.26397926,182667194.0813136,490782876.3708631,2112639580.633575,796473116.5518396,1624002581.2405207,283701330.1790845,1291534066.0744817,63107156.07094316
299794190.09843236,33809786.36111079,397730426.2515383,215037851.2699437,26319317.69239121,127639592.47647807,295198321.05570877,439353740.95077485,183534539.3996986,493112823.3647829,2127945260.4273543,802245865.1652168,1627814936.3384857,286462712.933175,1304026035.2424655,63404071.37022037
299771818.58520967,33808176.86717602,397701335.8702016,215511656.07288185,26379277.11038129,127626766.88389294,295162443.12891775,442428702.90165716,184360125.58807704,495330568.4950736,2142829910.6419973,807859901.8117107,1631392108.1685045,289179431.814465,1316314928.876783,63686529.64739009
299734517.8098433,33804888.36790248,397652454.5422994,215954179.3617962,26435421.679335594,127607562.33294153,295111909.94484574,445414586.5910525,185143341.51401487,497434470.091054,2157283038.839453,813311269.2276534,1634732471.2035422,291849693.4421821,1328392626.9109268,63954321.80567289
299682293.3566872,33799921.44977903,397583789.5908762,216365219.60534716,26487726.283284515,127581981.31306759,295046721.73912936,448309275.5171856,185883604.98203543,499422963.9882671,2171294398.000204,818596103.0811837,1637834501.655142,294471721.111679,1340251083.03266,64207247.796654
299615149.95673627,33793276.27549273,397495346.95923483,216744588.68622562,26536166.71571969,127550027.27390955,294966881.29755664,451110706.8303783,186580363.32454985,501294565.6062732,2184854002.924915,823710637.2803751,1640696780.6522043,297043758.12659293,1351882344.5829763,64445118.821997724
299533097.6169304,33784953.92113612,397387139.8135356,217092112.65860856,26580721.207568206,127511704.62212531,294872393.735622,453816873.62836635,187233094.21757987,503047871.6463263,2197952137.667347,828651207.6552709,1643317993.3049076,299564068.3382814,1363278550.1283395,64667755.59377088
299436147.02609515,33774955.37573841,397259182.1028083,217407631.42317072,26621369.31545174,127467018.72144645,294763266.5969662,456425827.44562274,187841306.2324845,504681561.94304746,2210579370.322754,833414256.8840269,1645696931.2054057,302030939.1040932,1374431945.9852612,64874990.0331696
299324309.4498475,33763281.51937865,397111488.394255,217690998.8389506,26658091.91399817,127415975.8921158,294639509.9169258,458935680.58874613,188404539.45400238,506194401.1313267,2222726564.442015,837996338.7664533,1647832493.3810344,304442683.28315043,1385334896.3977413,65066665.51778453
299197601.4547594,33749934.15299955,396944080.54602796,217942083.30597147,26690872.367753796,127358583.40717915,294501136.01651454,461344608.2915624,188922366.1562925,507585240.0838698,2234384886.59731,842394121.7632331,1649723685.637208,306797640.03263867,1395979882.9506068,65242635.55680831
299056038.52560115,33734914.60556174,396756978.6823991,218160767.23488966,26719694.98009344,127294849.49351427,294348159.7557205,463650851.06948656,189394391.21319705,508853017.5221933,2245545821.676188,846604393.8309944,1651369623.358401,309094178.19676363,1406359525.5700128,65402766.033993244
298914594.50323707,33719911.92948715,396570048.42781514,218379671.9815742,26748554.800809935,127231148.06784709,294195315.4899512,465968629.3061396,189867601.26439542,510123974.18884456,2256762562.5222,850835716.2133015,1653017235.1389778,311407969.2108435,1416818148.0910451,65563283.325193286
298773167.3791127,33704904.55962216,396383127.3579528,218598789.21883985,26777429.252309192,127167479.1196516,294042603.65434456,468298002.9078533,190341996.97733524,511398120.5731848,2268035460.813808,855088207.2209438,1654666538.094087,313739166.45893306,1427356490.929072,65724220.26728984
298631755.5210783,33689892.11960168,396196222.5928472,218818119.00727165,26806317.925193805,127103842.63686076,293890024.5444903,470639029.8687995,190817581.30263296,512675464.687297,2279364798.6328344,859361972.9377981,1656317534.0270076,316087900.6957816,1437975151.856134,65885578.425466105
298490359.14020073,33674874.638600454,396009334.1253719,219037661.61485893,26835220.90577685,127040238.60777393,293737578.49355006,472991768.429325,191294357.22772124,513956014.5088303,2290750858.2348647,863657119.7626654,1657970223.7680573,318454303.2278733,1448674728.86443,66047358.823321775
298348975.4038937,33659851.48702133,395822457.6522345,219257417.013771,26864137.54395518,126976667.01922405,293585265.70166504,475356277.1876399,191772327.67824623,515239778.08891404,2302193925.41456,867973755.0050465,1659624609.0717235,320838507.02606875,1459455829.0790946,66209563.45586097
298207603.24934614,33644822.42596715,395635591.2053693,219477385.37690187,26893067.666477766,126913127.85854666,293433086.4191509,477732614.9986219,192251495.62069014,516526763.4599942,2313694286.268079,872311986.3110068,1661280690.7492828,323240645.7016414,1470319061.5270836,66372193.81477056
298066241.4817915,33629787.182048455,395448732.7937939,219697566.83681342,26922011.021198906,126849621.11274083,293281040.8683962,480120841.008366,192731864.02746868,517816978.66438264,2325252228.2665634,876671921.8557856,1662938470.0581622,325660853.8457896,1481265039.3047068,66535251.37774054
297924888.7753873,33614745.44753323,395261880.4067598,219917961.48540723,26950967.276640143,126786146.76758006,293129129.16069233,482521014.6555642,193213435.87694275,519110431.75410837,2336868040.2597933,881053670.3459115,1664597948.7172563,328099267.0362357,1492294379.5969825,66698737.60754269
297783545.56003803,33599697.300147064,395075034.3464389,220138569.611433,26979936.57010902,126722704.80934921,292977351.4584798,484933195.63600117,193696214.18320823,520407130.7529381,2348542011.363549,885457340.8246318,1666259127.5365791,330556021.4722331,1503407700.467498,66862653.46505371
297642209.31325513,33584642.177951016,394888190.7384141,220359391.2175471,27008918.324365817,126659295.22333327,292825707.83388567,487357444.01036984,194180201.90392512,521707083.7606789,2360274434.240741,889883043.2532171,1667922008.224469,333031255.05297107,1514605629.5734372,67027000.8529456
297500879.1624348,33569579.88285724,394701347.8898362,220580426.4936681,27037912.405846715,126595917.99556507,292674198.432443,489793820.10726285,194665402.03753945,523010298.8670346,2372065601.992271,894330887.9589704,1669586591.6185973,335525106.3900239,1525888797.1557004,67191781.20814489
297359554.10159147,33554510.182158805,394514504.0746667,220801675.59076348,27066918.603969093,126532573.11184485,292522823.3814787,492242384.55474627,195151817.5892969,524316784.1742077,2383915809.14789,898800985.814445,1671252878.9845717,338037715.12027746,1537257837.8503053,67356995.95758416
297218233.01502514,33539432.81392464,394327657.56840783,221023138.62270638,27095936.63687833,126469260.55675347,292371582.69732046,494703198.28061175,195639451.57060257,525626547.7938938,2395825351.6408367,903293448.2352077,1672920872.018051,340569221.9018599,1548713390.5017045,67522646.5092109
297076916.4557585,33524347.8825571,394140808.8516273,221244815.88987532,27124966.66744992,126405980.31533673,292220476.44351643,497176322.4794874,196128307.02744603,526939597.81410605,2407794525.763573,907808386.9966727,1674590571.559221,343119768.07237375,1560256095.2412767,67688733.79505189
296935602.20879406,33509254.893055234,393953954.4800129,221466707.42469376,27154008.18987977,126342732.37152041,292069504.5815471,499661818.7133649,196618386.95250547,528255942.39003724,2419823631.248088,912345914.7820144,1676261979.281385,345689496.6619127,1571886601.4316516,67855259.62557435
296794289.6736964,33494153.70694839,393767093.15627587,221688813.44112197,27183061.131438628,126279516.7096029,291918667.1114635,502159748.8188919,197109694.37637645,529575589.66388273,2431912968.2859273,916906144.6528542,1677935096.0189447,348278551.4427664,1583605560.8635905,68022225.35202621
296652978.16101676,33479044.161540195,393580223.6042212,221911134.11970192,27212125.35646365,126216333.3134508,291767963.99600905,504670174.93832934,197602232.33595178,530898547.7872143,2444062838.490673,921489190.223234,1679609922.9947257,350887077.2368477,1595413629.6430666,68189632.3029128
296511666.890061,33463926.069376897,393393344.56627613,222133669.60716128,27241200.665474877,126153182.16574875,291617395.08935237,507193159.5212534,198096003.87455028,532224824.9214439,2456273544.907468,926095165.6627258,1681286461.8311865,353515219.92490906,1607311468.2554529,68357481.78465185
296370356.6605775,33448799.59005087,393206456.87983346,222356420.22628424,27270287.27968763,126090063.2495844,291466960.28690475,509728765.29398453,198591012.06865278,533554429.20872784,2468545391.0313864,930724185.5239449,1682964713.3473482,356163126.1257683,1619299738.8692622,68525774.6537941
296229045.66580844,33433664.31857821,393019557.6773586,222579386.04780456,27299384.791156996,126026976.54702474,291316659.3902007,512277055.3544309,199087259.9456204,534887368.85330683,2480878683.723952,935376365.2623459,1684644679.143531,358830944.1580856,1631379112.823925,68694512.59034196
296102545.3824453,33420191.940898392,392852297.53661877,222791438.31096095,27327128.131851118,125970223.38748308,291181057.865252,514710023.9091951,199544933.16359612,536116674.7674835,2492653513.096331,939817977.0053813,1686242127.9644063,361429116.25154454,1643142435.6672094,68849958.46044098
295990901.311506,33408393.774207268,392704752.3141086,222992549.81244025,27353526.548113223,125919794.92543513,291060134.49280685,517025876.3680741,199963753.51540896,537241594.3734988,2503861151.384638,944045738.0570816,1687756812.8363538,363955804.32316476,1654581355.3310435,68991999.76676773
295894093.5677965,33398267.439137798,392576895.1510573,223182689.8968298,27378575.669070136,125875683.2675645,290953870.18142885,519222898.540542,200343464.1241395,538261437.5927701,2514493302.984965,948056519.1477693,1689188503.6491728,366409227.29838836,1665687805.3012996,69120549.3824098
295812105.99659544,33389811.13639062,392468704.14417493,223361829.69113004,27402271.718148872,125837881.47216786,290862248.1016677,521299457.1803066,200683831.0098474,539175575.7645997,2524542063.466043,951847338.695082,1690536981.773265,368787645.7799562,1676453906.2064452,69235527.65513551
295744922.16314024,33383022.77499128,392380156.76048446,223529941.7054309,27424610.515866127,125806383.54593374,290785253.5474321,523254002.09163857,200984643.25116777,539983442.361557,2533999932.1277404,955415366.9864714,1691802041.5924292,371089365.0047779,1686871982.0364904,69336863.68885414
295692529.28454614,33377900.830018185,392311235.33084464,223687000.24039346,27445588.465012565,125781184.44371852,290722874.06159884,525085067.9690199,201245713.28402904,540684533.5123571,2542859818.6191864,958757929.2083007,1692983489.095395,373312735.9772457,1696934563.202489,69424494.23134424
295654958.80679804,33374453.15949089,392261986.1199161,223832985.19649157,27465212.202799298,125762280.04032248,290675096.84908307,526791275.248754,201466877.89490193,541278407.7368346,2551115021.4434557,961872503.3666513,1694081131.3147068,375456147.2788053,1706634313.3049815,69498350.9412951
295632204.40115273,33372679.188225254,392232400.61107004,223967874.29928854,27483478.988039933,125749667.15681088,290641911.39709425,528371333.7006085,201647996.66147727,541764687.7481558,2558759295.623331,964756734.0829275,1695094798.7489784,377518046.3966177,1715964177.4429371,69558386.15574941
295624261.9886805,33372578.595819727,392222473.27743,224091646.92205837,27500386.283288382,125743343.55892861,290623309.4039597,529824043.1934673,201788953.01002735,542143060.3350346,2565786832.5459456,967408430.4936115,1696024334.4025276,379496932.66786045,1724917336.7184298,69604560.44589815
295631129.74416554,33374151.321829244,392232201.603016,224204284.0967871,27515931.76202386,125743307.95757984,290619284.8847155,531148295.20948,201889654.33914158,542413276.6926925,2572192267.2696047,969825569.0129702,1696869593.8136766,381391359.07796085,1733487216.2299767,69636842.64697488
295638026.2834417,33375728.797626186,392241974.10735065,224316978.7679867,27531489.216716807,125743272.8436103,290615303.291484,532396189.04591393,201990410.01119655,542683635.1692169,2578227903.5533633,972103278.3038498,1697715288.4007335,383199933.9809708,1741667492.445673,69669136.72711636
295644935.3005832,33377306.88403271,392251779.8883616,224429728.53353617,27547053.926259417,125743238.19173478,290611362.21210915,533567159.8569647,202091218.7605345,542954137.1289873,2583891021.7945137,974240528.705018,1698561421.2278163,384921322.8207565,1749452101.3606715,69701458.258544
295651857.6631969,33378885.79288945,392261619.8504441,224542533.53845313,27562626.179116003,125743201.80443433,290607459.29501843,534660675.44802946,202192080.4936932,543224782.2162937,2589179045.951754,976236348.7256839,1699407991.4409482,386554249.78297085,1756835246.2144465,69733806.76854993
295658794.2519377,33380465.736568097,392271494.926206,224655393.92495796,27578206.263318274,125743165.8211413,290603592.1855084,535676237.23288435,202292995.12241516,543495570.0907899,2594089562.772272,978089828.24158,1700254998.213084,388097499.3638897,1763811404.5948675,69766181.78965588
295665745.93464077,33382046.92574115,392281406.05171305,224768309.83552012,27593794.463689867,125743130.21889755,290599758.6496692,536613380.6120928,202393962.5633891,543766500.4275098,2598620323.6300383,979800119.1861537,1701102440.7470686,389549917.8757538,1770375335.3068702,69798582.86594124
295672713.5965867,33383629.574332092,392291354.2071505,224881281.41287848,27609391.06750804,125743094.97529925,290595956.4977818,537471675.3254603,202494982.73752603,544037572.9138877,2602769246.207786,981366436.1915922,1701950318.2657638,390910414.8685092,1776522084.6973858,69831009.54510047
295679698.1257662,33385213.89619091,392301340.3907962,224994308.7988243,27624996.360763337,125743060.06854293,290592183.58882916,538250725.7810441,202596055.57013172,544308787.2509619,2606534416.10484,982788057.1912109,1702798630.0166767,392177964.4938431,1782246992.903149,69863461.38356397
295686700.40979105,33386800.10442387,392311365.609332,225107392.13397738,27640610.627434768,125743025.47740355,290588437.8284931,538950171.3583295,202697180.99077994,544580143.1531919,2609914088.3069706,984064323.9733379,1703647375.2720118,393351606.78953195,1787545699.6731832,69895937.94732957
295693721.34942806,33388388.41256583,392321430.89488274,225220531.55638874,27656234.15084795,125742991.18058568,290584717.1050711,539569686.685443,202798358.93301678,544851640.3474351,2612906688.5219536,985194642.6868442,1704496553.3255656,394430448.8833528,1792414149.7901096,69928438.8099886
295700761.79035467,33389979.023063824,392331537.22139335,225333727.2010098,27671867.20066578,125742957.1581352,290581019.4288492,540108981.8925937,202899589.3353221,545123278.5779561,2615510814.4595466,986178484.3097831,1705346163.511349,395413666.139765,1796848598.4813013,69960963.57016665
295707822.52394176,33391572.125652544,392341685.5028757,225435712.4816471,27686126.347413532,125742923.39083302,290577342.8725722,540621813.7085425,202990727.1699081,545367801.4816992,2617986787.13465,987114002.7752981,1706110938.0285232,396340044.2907327,1801025296.4476287,69990013.92677835
295714887.0508191,33393164.645906985,392351842.7962981,225526470.9991024,27699007.53020549,125742889.86000156,290573685.55285317,541108104.7969657,203071758.48959863,545585170.322196,2620334247.363288,988001060.1922208,1706790753.4069662,397209168.44785696,1804942361.0555878,70015581.08009714
295721956.3024624,33394756.799067218,392362010.2933924,225605988.73794833,27710509.104199048,125742856.5472868,290570045.6089419,541567781.2049036,203142670.58119828,545775350.87771,2622552836.646148,988839521.563217,1707385502.6713681,398020642.4413802,1808597985.8498578,70037660.57793646
295729031.2239317,33396348.80135816,392372189.2069718,225674253.3605857,27720629.631720826,125742823.43405977,290566421.1428738,542000772.9045488,203203452.2463753,545938312.9974676,2624642215.5106587,989629259.0567642,1707895091.5673416,398774095.1320775,1811990478.4165702,70056248.49105987
295736112.74796903,33397940.868026126,392382380.7477194,225731254.2135218,27729367.880233664,125742790.50258988,290562810.3365152,542407013.8112631,203254093.804801,546074030.6106843,2626602063.605865,990370152.0408673,1708319438.5900674,399469180.6962208,1815118261.7053351,70071341.41768867
295743201.82880086,33399533.219018478,392392586.170427,225776982.3304355,27736722.82912399,125742757.73532008,290559211.37948036,542786441.7992927,203294587.09606755,546182481.730569,2628432079.7515373,991062087.1088831,1708658474.9954526,400105578.87830096,1817979875.0593483,70082936.47577196
295750299.42455685,33401126.075048815,392402806.74387723,225811430.43313235,27742693.665541627,125742725.11493243,290555622.4754443,543138998.7180912,203324925.48215172,546263648.4618254,2630131982.035295,991704958.1114211,1708912144.8243246,400682995.2413027,1820573975.4110744,70091031.30979499
295757406.4967839,33402719.65750052,392413043.74501264,225834592.93348464,27747279.784533057,125742692.62432446,290552041.8397133,543464630.4070185,203345103.84911013,546317517.0052696,2631701507.8836026,992298666.1832883,1709080404.9170585,401201161.3917779,1822899338.2894723,70095624.09151265
295764524.02012855,33404314.188714266,392423298.47066057,225846465.93323696,27750480.789550584,125742660.24602516,290548467.6401447,543763286.7090068,203355118.60837635,546344077.6613005,2633140414.1262107,992843119.7683544,1709163224.9243295,401659835.1851719,1824954858.73362,70096713.52002993
295771652.92343926,33405909.88264186,392433572.16713095,225847047.22541615,27752296.48198409,125742627.9634843,290544898.12681466,544034921.4847145,203354967.69852704,546343324.8366913,2634448477.1073256,993338234.6502813,1709160587.3310308,402058800.9276197,1826739552.3462486,70094298.83625628
295778794.0907625,33407506.943255704,392443866.02924025,225847628.67399916,27754114.56512111,125742595.76051567,290541331.5762092,544279492.6244195,203354818.32683557,546342574.1753861,2635625492.748865,993783933.9751097,1709157945.3612578,402438075.1576182,1828435226.046834,70091884.41948353
295785927.00458115,33409101.44179852,392454144.15627223,225848208.92100725,27755930.099534202,125742563.63927516,290537768.11986995,544496962.184846,203354670.06739217,546341826.0156535,2636671280.3426633,994180148.6583964,1709155307.4868577,402797606.8012597,1830041648.1622794,70089475.28515199
295793052.3064322,33410693.509125885,392464407.42281646,225848788.03508618,27757743.23600661,125742531.60183406,290534207.8823537,544687296.1558541,203354522.875699,546341080.1809633,2637585675.3530006,994526816.6710758,1709152673.3749607,403137340.49247706,1831558557.3740547,70087071.21017563
295800170.6429048,33412283.27752527,392474656.71438587,225849366.08522618,27759554.12662916,125742499.6501848,290530650.98179483,544850464.5837964,203354376.70896706,546340336.500281,2638368532.8911457,994823883.3893535,1709150042.696517,403457223.79576313,1832985705.987531,70084671.97067672
295807282.6662315,33413870.880725924,392484892.9283419,225849943.14074227,27761362.92477109,125742467.7862476,290527097.5305523,544986441.5793198,203354231.52600262,546339594.807845,2639019727.7530603,995071301.6088985,1709147415.1260827,403757207.21921086,1834322859.9802158,70082277.34294537
295814389.0333957,33415456.453696955,392495116.97261846,225850519.2712018,27763169.784851912,125742436.01187587,290523547.63567346,545095205.3241463,203354087.28716552,546338854.9431225,2639539154.4529457,995269031.5573316,1709144790.342059,404037244.22676146,1835569799.048875,70079887.10375242
295821490.40324295,33417040.132006355,392505329.7615993,225851094.54618594,27764974.861610282,125742404.32887028,290520001.4003004,545176738.0769005,203353943.9543646,546338116.7509537,2639926727.254011,995417040.9052018,1709142168.0276685,404297291.2504379,1836726316.6632116,70077501.0312915
295828587.43705666,33418622.05195674,392515532.21694124,225851669.03533897,27766778.310258683,125742372.73897602,290516458.92347175,545231026.1778055,203353801.4909906,546337380.0813462,2640182380.189897,995515304.7744913,1709139547.8705668,404537307.70065534,1837792220.0998843,70075118.90489244
295835680.7958136,33420202.349978197,392525725.2636672,225852242.80814463,27768580.28579092,125742341.24389625,290512920.30149513,545258060.0524716,203353659.86191413,546336644.7896196,2640306067.0854483,995563805.7458546,1709136929.5637584,404757255.97696155,1838767330.4894197,70072740.5059127
295842771.1420566,33421781.16304006,392535909.83288896,225852815.93406668,27770380.943443403,125742309.84528303,290509385.6270304,545257834.2145138,203353519.03338718,546335910.7360624,2640297761.567002,995562533.8631806,1709134312.8048568,404957101.4764496,1839651482.8373377,70070365.61709581
295849859.13711536,33423358.628036,392546086.8578659,225853388.48232332,27772180.437993158,125742278.54475111,290505854.9905062,545257610.1478107,203353378.9730461,546335177.7860898,2640289471.5469413,995561264.7003511,1709131697.2970235,405136812.603058,1840444526.065281,70067994.02348085
295856941.3519084,33424933.859444458,392556253.5410877,225853959.93367708,27773978.13413352,125742247.34387153,290502328.47949636,545257388.0318255,203353239.64983374,546334445.8099735,2640281204.276119,995559999.8872769,1709129082.7483377,405296360.77470875,1841146323.029148,70065625.51189092
295864018.4721587,33426507.000682596,392566410.8452586,225854530.36061156,27775774.1908828,125742216.24418135,290498806.179714,545257167.8074838,203353101.03398886,546333714.682917,2640272958.7599974,995558739.2669089,1709126468.872408,405435720.43084055,1841756750.5498762,70063259.87154359
295871091.18074095,33428078.194672707,392576559.73401165,225855099.83510202,27777568.766524523,125742185.24717976,290495288.17465395,545256949.4171792,203352963.09698242,546332984.2848492,2640264734.0234323,995557482.6847622,1709123855.3879519,405554869.03826946,1842275699.4282393,70060896.89372525
295878160.1580811,33429647.583955124,392586701.1720874,225855668.42870042,27779362.01864511,125742154.35433108,290491774.54591066,545256732.8047285,203352825.81148335,546332254.5003632,2640256529.108811,995556229.9886189,1709121242.018875,405653787.0967648,1842703074.4630678,70058536.37192315
295885226.0824222,33431215.026476268,392596836.12573016,225856236.212558,27781154.10419996,125742123.56706424,290488265.3731513,545256517.9153111,203352689.1513122,546331525.2185869,2640248343.075164,995554981.0284029,1709118628.4940915,405732458.1436548,1843038794.4632187,70056178.10172024
295892289.62869734,33432780.94452691,392606965.561099,225856803.2573347,27782945.17922831,125742092.88677874,290484760.7347502,545256304.6954539,203352553.09142214,546330796.3331949,2640240174.9989285,995553735.6562996,1709116014.5478718,405790868.7581583,1843282792.2625775,70053821.88115329
295899351.4695126,33434345.47943653,392617090.44568187,225857369.63327968,27784735.399099782,125742062.31484082,290481260.70742375,545256093.0929525,203352417.60784212,546330067.7422132,2640232023.9722657,995552493.7265131,1709113399.9194026,405829008.5642722,1843435014.722769,70051467.51036951
295906412.2741487,33435908.771962468,392627211.7468938,225857935.41015214,27786524.918261543,125742031.85258895,290477765.36681914,545255883.0568557,203352282.67765933,546329339.348029,2640223889.103733,995551255.0953697,1709110784.3530905,405846870.233568,1843495422.741459,70049114.79194711
295913472.7086368,33437470.962307636,392637330.4321954,225858500.6572283,27788313.89025627,125742001.50133407,290474274.78757626,545255674.5374181,203352148.27898207,546328611.0572901,2640215769.5176954,995550019.6212362,1709108167.5984707,405844449.4868927,1843463991.252733,70046763.53085245
295920533.4374098,33439032.190483496,392647447.4714646,225859065.4434364,27790102.468136203,125741971.26235317,290470789.0426805,545255467.4860095,203352014.3908767,546327882.7806579,2640207664.3519692,995548787.164178,1709105549.4095187,405842037.19665873,1843432880.862137,70044413.53388555
295927589.8636522,33440591.766612414,392657551.3453128,225859629.83725452,27791889.974722765,125741941.13689607,290467308.2042035,545255261.855113,203351880.9933607,546327154.4328575,2640199572.7589107,995547557.5861216,1709102929.5450735,405839635.6962519,1843402097.8054128,70042064.61010347
295934642.66602665,33442149.833090562,392667643.06643796,225860193.90680122,27793676.564803552,125741911.12618129,290463832.34288484,545255057.5982542,203351748.0673506,546326425.9324833,2640191493.903687,995546330.7506056,1709100307.768359,405837244.50562775,1843371631.9494255,70039716.57043567
295941692.51842976,33443706.531545352,392677723.64372224,225860757.7197544,27795462.39205507,125741881.23140153,290460361.5287447,545254854.6699929,203351615.5946524,546325697.2020273,2640183426.9650917,995545106.5229024,1709097683.847314,405834863.1542086,1843341473.4424899,70037369.22801968
295948740.0912283,33445262.00308062,392687794.0843065,225861321.3434131,27797247.609310467,125741851.4537212,290456895.83084095,545254653.0258659,203351483.55791903,546324968.1677264,2640175371.1342797,995543884.7698369,1709095057.5542548,405832491.1802313,1843311612.6994145,70035022.39793763
295955786.0511279,33446816.388246965,392697855.3934216,225861884.84468883,27799032.368524138,125741821.79427794,290453435.31746733,545254452.6223567,203351351.9406268,546324238.7595065,2640167325.6145787,995542665.3597605,1709092428.6658726,405830128.1304409,1843282040.3923156,70032675.89725639
295962831.0620139,33448369.82722524,392707908.57559466,225862448.29017445,27800816.82098094,125741792.25418003,290449980.05589306,545254253.4168392,203351220.72703522,546323508.9108299,2640159289.620188,995541448.1623638,1709089796.9628649,405827773.5594904,1843252747.4379828,70030329.54474357
295969875.78498334,33449922.459832158,392717954.63470834,225863011.746149,27802601.117301628,125741762.83450729,290446530.11249113,545254055.3675466,203351089.90216288,546322778.5586286,2640151262.375845,995540233.0486281,1709087162.229874,405825427.02961254,1843223724.9889467,70027983.16085552
295976920.8784464,33451474.425541427,392727994.57415336,225863575.2785871,27804385.40746594,125741733.5363117,290443085.5528222,545253858.4335382,203350959.45176274,546322047.6432289,2640143243.116402,995539019.8907679,1709084524.2554002,405823088.11028755,1843194964.4245598,70025636.56769821
295983966.998933,33453025.863658674,392738029.3979793,225864138.95322576,27806169.84101275,125741704.36061502,290439646.44140136,545253662.5746493,203350829.36228618,546321316.10821,2640135231.0856285,995537808.5620561,1709081882.8314528,405820756.37769735,1843166457.33982,70023289.58875756
295991014.8006629,33454576.91322569,392748060.110295,225864702.83553174,27807954.566929165,125741675.30841182,290436212.8420408,545253467.7514759,203350699.6208705,546320583.9003886,2640127225.536445,995536598.9368597,1709079237.753666,405818431.41458577,1843138195.539282,70020942.04904048
295998064.93588597,33456127.713093422,392758087.7157522,225865266.99073017,27809739.73373345,125741646.38066904,290432784.81782216,545253273.9253387,203350570.2153125,546319850.9697247,2640119225.730271,995535390.8905475,1709076588.8211298,405816112.80988985,1843110171.0282617,70018593.7749561
296005118.0557979,33457678.40211981,392768113.2208455,225865831.48388052,27811525.489702158,125741617.57832325,290429362.43082654,545253081.058234,203350441.13403422,546319117.2691752,2640111230.935751,995534184.2993047,1709073935.8360012,405813800.1581976,1843082376.0023768,70016244.59401287
296012174.8101767,33459229.119088277,392778137.6334056,225866396.37984982,27813311.982775833,125741588.90228352,290425945.74245274,545252889.1128198,203350312.36607236,546318382.7546791,2640103240.4289584,995532979.0401636,1709071278.6035979,405811493.0596186,1843054802.8421566,70013894.33493969
296019235.84840953,33460780.002929583,392788161.96404713,225866961.7433971,27815099.360813987,125741560.3534283,290422534.8130891,545252698.0523655,203350183.9010432,546317647.3849996,2640095253.4920106,995531774.9908042,1709068616.9319727,405809191.1192339,1843027444.1027708,70011542.827343
296026301.820244,33462331.19288264,392798187.2272336,225867527.6392372,27816887.771780476,125741531.93260358,290419129.70194024,545252507.8407106,203350055.72911486,546316911.121603,2640087269.4120374,995530572.0294032,1709065950.6315837,405806893.94663566,1843000292.5052702,70009189.90146348
296033373.37542367,33463882.82841224,392808214.44076395,225868094.13201392,27818677.363648616,125741503.64062591,290415730.4673476,545252318.4422547,203349927.84099948,546316173.9286469,2640079287.4814267,995529370.0346719,1709063279.5153956,405804601.1558291,1842973340.9320428,70006835.38829789
296040451.1640248,33465435.04927972,392818244.6262392,225868661.2863288,27820468.284482367,125741475.4782822,290412337.16677886,545252129.8219277,203349800.22793278,546315435.7728972,2640071306.99726,995528168.8857749,1709060603.3987174,405802312.3649289,1842946582.4198925,70004479.11948454
296047535.8362634,33466987.995497968,392828278.8087866,225869229.16672802,27822260.682384245,125741447.4463318,290408949.8570676,545251941.945176,203349672.88166454,546314696.6237018,2640063327.2613826,995526968.4623398,1709057922.0992427,405800027.19602585,1842920010.1552718,70002120.92736751
296054628.0439543,33468541.807645764,392838318.01910794,225869797.83782262,27824054.70585808,125741419.54550195,290405568.59391457,545251754.7779069,203349545.79442087,546313956.4527991,2640055347.578594,995525768.6441964,1709055235.4364598,405797745.27454984,1842893617.463978,69999760.64451487
296061728.4414033,33470096.62705792,392848363.29473776,225870367.36436504,27825850.5040291,125741391.77648577,290402193.43167764,545251568.2864482,203349418.95887938,546313215.2341912,2640047367.2555385,995524569.3112159,1709052543.231272,405795466.228809,1842867397.8033147,69997398.10343415
296068837.684616,33471652.595649444,392858415.6789249,225870937.8111881,27827648.226441175,125741364.13994718,290398824.42389125,545251382.4375534,203349292.3681729,546312472.9441847,2640039385.6014924,995523370.343423,1709049845.3062673,405793189.69006085,1842841344.7601476,69995033.13683753
296075956.4324312,33473209.85615822,392868476.22221017,225871509.2432987,27829448.02333728,125741336.63651757,290395461.62291265,545251197.1983558,203349166.01585943,546311729.5612326,2640031401.926956,995522171.620795,1709047141.485258,405790915.2920069,1842815452.0424323,69992665.57726516
296083085.34710693,33474768.552267905,392878545.9832467,225872081.72592962,27831250.04580213,125741309.26679529,290392105.07985115,545251012.5363398,203349039.89590442,546310985.0658423,2640023415.5429177,995520973.0231527,1709044431.5930223,405788642.6704497,1842789713.4730442,69990295.256901
296090225.09395903,33476328.82852536,392888626.028284,225872655.32451347,27833054.44566711,125741282.0313487,290388754.8448988,545250828.4193352,203348914.0026795,546310239.4405756,2640015425.7611804,995519774.4302087,1709041715.4554143,405786371.46325153,1842764122.9868834,69987922.00769626
296097376.34324616,33477890.830745112,392898717.43379885,225873230.10483852,27834861.375978407,125741254.93071036,290385410.9666756,545250644.8154565,203348788.3309226,546309492.6698229,2640007431.8921566,995518575.7212483,1709038992.898615,405784101.30961716,1842738674.620643,69985545.66075048
296104539.7680764,33479454.70555098,392908821.2835578,225873806.13288367,27836670.990467325,125741227.96538706,290382073.49333525,545250461.6931431,203348662.87576887,546308744.7399856,2639999433.2471924,995517376.7754627,1709036263.7499056,405781831.850583,1842713362.5160513,69983166.04701252
296111716.0467063,33481020.60087014,392918938.6718111,225874383.47500607,27838483.444121897,125741201.1358523,290378742.4717061,545250279.0210876,203348537.63270313,546307995.6392031,2639991429.135879,995516177.4715633,1709033527.8367705,405779562.7281993,1842688180.9084618,69980782.99651526
296118905.86336535,33482588.666106537,392929070.7044565,225874962.1980148,27840298.893388513,125741174.44254519,290375417.94716334,545250096.7682048,203348412.59754422,546307245.3572494,2639983418.865132,995514977.6876451,1709030784.986545,405777293.58513397,1842663124.1209652,69978396.33812359
296126109.90874773,33484159.052242015,392939218.49971783,225875542.3692152,27842117.496289648,125741147.88587062,290372099.96361536,545249914.903609,203348287.7664335,546306493.8854575,2639975401.7386193,995513777.3011035,1709028035.0262032,405775024.0643962,1842638186.5595953,69976005.89938219
296133328.8792207,33485731.91166013,392949383.18702376,225876124.05634865,27843939.412220202,125741121.46620408,290368788.5640281,545249733.3966225,203348163.13584486,546305741.2167717,2639967377.0576344,995512576.1887578,1709025277.7826407,405772753.80945593,1842613362.712706,69973611.50678205
296140528.8271439,33487300.012434952,392959512.48556423,225876704.2518536,27845756.79921572,125741095.18566775,290365483.9978295,545249552.9277172,203348038.11130387,546304987.5529475,2639959368.394273,995511378.7642521,1709022521.820744,405770492.048603,1842588703.0280783,69971221.86168647
296147709.11369723,33488863.217135802,392969605.4251334,225877282.908926,27847569.50280872,125741069.0463217,290362186.5118409,545249373.5087858,203347912.70699057,546304232.9431847,2639951376.4930468,995510185.1407496,1709019767.351752,405768238.9933167,1842564208.787921,69968837.13878281
296154869.10750294,33490421.390235838,392979661.0485698,225877859.9813506,27849377.370788984,125741043.0501628,290358896.35011685,545249195.1513276,203347786.93730867,546303477.4366226,2639943402.093489,995508995.4304204,1709017014.5843709,405765994.85188705,1842539881.224508,69966457.50840093
296162008.1898194,33491974.399181865,392989678.4186217,225878435.42395374,27851180.254193977,125741017.19912234,290355613.7536307,545249017.866419,203347660.8168221,546302721.0820755,2639935445.924215,995507809.7434716,1709014263.723818,405763759.82885426,1842515721.5129926,69964083.13637738
296169125.7539089,33493522.114256307,392999656.61708325,225879009.19255343,27852978.00715324,125740991.49506934,290352338.96059304,545248841.6647347,203347534.36026388,546301963.9281049,2639927508.70363,995506628.1882509,1709011514.9720404,405761534.1251756,1842491730.7741647,69961714.18426736
296176221.20597506,33495064.408778254,393009594.7461077,225879581.24403623,27854770.487126477,125740965.93980768,290349072.20607924,545248666.5565298,203347407.58251694,546301206.0229264,2639919591.1388445,995505450.8710947,1709008768.5273266,405759317.93793195,1842467910.0721934,69959350.80903032
296183293.9657278,33496601.159223475,393019491.9290093,225880151.53640544,27856557.555048343,125740940.53507502,290345813.72184265,545248492.5516306,203347280.4986028,546300447.4143596,2639911693.9250393,995504277.89624,1709006024.5840518,405757111.4601327,1842444260.4137173,69956993.16284698
296190343.4648552,33498132.244893946,393029347.30814594,225880720.02865833,27858339.074949384,125740915.28254922,290342563.73698986,545248319.6594777,203347153.12370563,546299688.1499909,2639903817.7471623,995503109.3660712,1709003283.3332436,405754914.88115346,1842420782.7532816,69954641.39361943
296197369.14945877,33499657.54844107,393039160.0482962,225881286.68098462,27860114.914570045,125740890.18383989,290339322.4769558,545248147.8890707,203347025.4731255,546298928.276919,2639895963.2771397,995501945.3807276,1709000544.9616032,405752728.3860014,1842397477.9864767,69952295.64415373
296204370.47927564,33501176.955696613,393048929.33559835,225881851.45470783,27861884.945170313,125740865.24049257,290336090.1638986,545247977.2489939,203346897.5622923,546298167.841849,2639888131.174772,995500786.0382347,1708997809.651762,405750552.1555109,1842374346.953286,69949956.05242227
296211346.9277997,33502690.355697554,393058654.3777064,225882414.312296,27863649.041564763,125740840.45398884,290332867.01664656,545247807.747417,203346769.4067595,546297406.8910778,2639880322.0875483,995499631.4344847,1708995077.5822015,405748386.3662984,1842351390.438364,69947622.75150733
296218297.98278046,33504197.640792172,393068334.4044772,225882975.2174049,27865407.082252756,125740815.82574528,290329653.2505065,545247639.3920894,203346641.02219284,546296645.4704444,2639872536.65006,995498481.6631593,1708992348.9270155,405746231.1905956,1842328609.17028,69945295.86942431
296225223.1463367,33505698.706663217,393077968.668121,225883534.13489047,27867158.949452467,125740791.357114,290326449.0772359,545247472.1903421,203346512.4243662,546295883.6253219,2639864775.4838505,995497336.8157151,1708989623.8558216,405744086.79619646,1842306003.821968,69942975.52907164
296232121.9345555,33507193.452240933,393087556.442636,225884091.03077874,27868904.52900649,125740767.04938477,290323254.7052187,545247306.149102,203346383.62916616,546295121.40066,2639857039.197833,995496196.9814515,1708986902.533875,405741953.34656006,1842283575.0126579,69940661.84834534
296238993.87829125,33508681.7798736,393097097.02489305,225884645.87233368,27870643.710588437,125740742.90378292,290320070.33912814,545247141.2748785,203346254.6525748,546294358.8409007,2639849328.3873568,995495062.2473851,1708984185.1217093,405739831.000562,1842261323.3061972,69938354.93985194
296245838.52260184,33510163.59520591,393106589.73384625,225885198.6280153,27872376.387568712,125740718.92147218,290316896.1801797,545246977.5737815,203346125.5106786,546293595.9900419,2639841643.6348195,995493932.6983463,1708981471.7753062,405737719.9126407,1842239249.2135262,69936054.91107583
296252655.4273708,33511638.80731191,393116033.91136473,225885749.26753348,27874102.457178004,125740695.10355319,290313732.425858,545246815.0515116,203345996.21965444,546292832.8915681,2639833985.5089235,995492808.416883,1708978762.6458035,405735620.23260486,1842217353.1915176,69933761.8641428
296259444.16710967,33513107.328652296,393125428.9219415,225886297.76183638,27875821.820465934,125740671.45106502,290310579.27000815,545246653.7133701,203345866.79577208,546292069.5884761,2639826354.564881,995491689.4832991,1708976057.8795156,405733532.10567385,1842195635.6443472,69931475.89585885
296266204.33100426,33514569.07508414,393134774.1527271,225886844.08311814,27877534.382321265,125740647.96498573,290307436.90280515,545246493.5642625,203345737.25539163,546291306.1232672,2639818751.3443236,995490575.9756532,1708973357.617864,405731455.6724546,1842174096.9240658,69929197.0976594
296272935.5221875,33516023.965705458,393144069.0125018,225887388.20476368,27879240.051298782,125740624.64623554,290304305.5110495,545246334.6087203,203345607.61497548,546290542.5380279,2639811176.3760924,995489467.9698794,1708970661.997613,405729391.0691441,1842152737.3334205,69926925.55581346
296279637.35975,33517471.92328604,393153312.9343973,225887930.1015176,27880938.74013398,125740601.49567063,290301185.2773047,545246176.8508589,203345477.89104995,546289778.874207,2639803630.173924,995488365.5394753,1708967971.1500058,405727338.42693377,1842131557.1207054,69924661.35070898
296286309.47743857,33518912.873989664,393162505.37408966,225888469.7493855,27882630.36542774,125740578.51408862,290298076.38046616,545246020.2944137,203345348.10023174,546289015.1727681,2639796113.2379327,995487268.7557218,1708965285.201215,405725297.8723672,1842110556.4844368,69922404.55724967
296292951.52400976,33520346.747450624,393171645.81023055,225889007.12566674,27884314.847746573,125740555.70222785,290294978.9955693,545245864.9427363,203345218.25921923,546288251.4741429,2639788626.0541553,995486177.6876324,1708962604.2721443,405723269.52724063,1842089735.572935,69920155.24467735
296299563.16258377,33521773.47663713,393180733.7435233,225889542.20890796,27885992.111473024,125740533.06077045,290291893.29404944,545245710.7988135,203345088.38480544,546287487.818305,2639781169.0952616,995485092.402067,1708959928.4786222,405721253.5087824,1842069094.4869168,69917913.47673243
296306144.0712893,33523192.99799091,393189768.6975534,225890074.97896147,27887662.084981047,125740510.5903406,290288819.4434423,545245557.8652577,203344958.4938666,546286724.2446957,2639773742.8197894,995484012.963639,1708957257.9310765,405719249.9294648,1842048633.2783148,69915679.31137228
296312693.9429949,33524605.251372293,393198750.21837705,225890605.41697142,27889324.70058338,125740488.29150642,290285757.60748893,545245406.1443182,203344828.6033698,546285960.7922578,2639766347.672441,995482939.4347727,1708954592.7345686,405717258.8970735,1842028351.9518151,69913452.8007949
296319212.48524743,33526010.18004978,393207677.8743812,225891133.5053756,27890979.8945317,125740466.16478072,290282707.9461338,545245255.6378862,203344698.7303764,546285197.4994433,2639758984.0841303,995481871.875725,1708951932.9887474,405715280.51472586,1842008250.4657128,69911233.99138188
296325699.42050755,33527407.730753765,393216551.25654745,225891659.22793287,27892627.607092902,125740444.21062097,290279670.61540306,545245106.3474954,203344568.89204097,546284434.4041873,2639751652.471697,995480810.3445636,1708949278.7876766,405713314.88080233,1841988328.7319634,69909022.92353521
296332154.48595357,33528797.85363865,393225369.97812545,225892182.56971613,27894267.782518193,125740422.42943063,290276645.76746744,545244958.2743305,203344439.10561946,546283671.5439346,2639744353.2381244,995479754.8972144,1708946630.2198355,405711362.089003,1841968586.6174655,69906819.63165225
296338577.43377495,33530180.50235,393234133.67496467,225892703.51714537,27895900.369136725,125740400.821559,290273633.5504911,545244811.4192258,203344309.3884688,546282908.9556073,2639737086.7721944,995478705.5874333,1708943987.3679152,405709422.2282673,1841949023.9439495,69904624.14392488
296344968.0303601,33531555.633857023,393242842.00434667,225893222.05793145,27897525.319172878,125740379.38730441,290270634.10894924,545244665.7826874,203344179.75806886,546282146.6757035,2639729853.4494104,995477662.4669535,1708941350.3090682,405707495.3830113,1841929640.4909546,69902436.48250316
296351326.05702263,33532923.20861324,393251494.64589006,225893738.1811452,27899142.5889517,125740358.12691267,290267647.58328575,545244521.3648826,203344050.23201492,546281384.7402143,2639722653.63116,995476625.5853913,1708938719.1145227,405705581.6329312,1841910435.9944768,69900256.66312596
296357651.309367,33534283.190428838,393260091.3006224,225894251.877178,27900752.138764765,125740337.04057977,290264674.1101657,545244378.1656576,203343920.82803997,546280623.1847073,2639715487.6654553,995475594.9903705,1708936093.8497508,405703681.0531891,1841891410.1494844,69898084.69520481
296363943.5966081,33535635.546333913,393268631.6899766,225894763.137697,27902353.932725333,125740316.12845474,290261713.8227192,545244236.1845582,203343791.5640368,546279862.0444093,2639708355.887708,995474570.727652,1708933474.5746615,405701793.7146244,1841872562.6124094,69895920.5819058
296370202.7425845,33536980.246803176,393277115.55707145,225895271.95574078,27903947.93905255,125740295.39063703,290258766.85008574,545244095.4208108,203343662.45804965,546279101.3540946,2639701258.6195855,995473552.841002,1708930861.3430836,405699919.68348014,1841853892.9990532,69893764.31964499
296376428.58499247,33538317.26560405,393285542.6656002,225895778.3256725,27905534.12991087,125740274.82717972,290255833.31772906,545243955.8733453,203343533.52830467,546278341.148193,2639694196.1699286,995472541.3723437,1708928254.2029777,405698059.0216296,1841835400.8874583,69891615.8981764
296382620.9758498,33539646.57990682,393293912.8003552,225896282.2432324,27907112.481561076,125740254.43808867,290252913.34720665,545243817.5407889,203343404.7932153,546277581.4607427,2639687168.834249,995471536.3617171,1708925653.1961393,405696211.7864676,1841817085.8173163,69889475.30023883
296388779.7811824,33540968.170231745,393302225.7667132,225896783.70552963,27908682.97431925,125740234.22332436,290250007.05628836,545243680.4214783,203343276.27140743,546276822.3254466,2639680176.89514,995470537.8473648,1708923058.3582165,405694378.0310168,1841798947.291579,69887342.50145166
296394904.8809229,33542282.02044254,393310481.39039373,225897282.7110514,27910245.59257209,125740214.18280286,290247114.5589723,545243544.5134666,203343147.98174125,546276063.7757008,2639673220.6224403,995469545.8657868,1708920469.7186372,405692557.8039821,1841780984.7774348,69885217.47011428
296400996.16915727,33543588.117815744,393318679.5176801,225897779.2597034,27911800.324883863,125740194.31639573,290244235.9653641,545243409.8145232,203343019.94332984,546275305.8445863,2639666300.2730193,995468560.451746,1708917887.300383,405690751.14970726,1841763197.7063997,69883100.1668638
296407030.27290094,33544880.632804096,393326808.37359476,225898267.5327451,27913335.52375953,125740174.62393503,290241371.3822103,545243276.3221667,203342892.17559135,546274548.5650523,2639659416.092356,995467581.6385194,1708915369.3201911,405688958.10857546,1841745585.4785397,69880990.54484095
296413027.80256,33546164.731606565,393334878.1879514,225898752.70521683,27914861.53059667,125740155.10521019,290238520.91238153,545243144.033645,203342764.69825423,546273791.9697994,2639652568.3132854,995466609.4577678,1708912864.0649087,405687178.71672183,1841728147.4600687,69878888.5489744
296418990.07265055,33547440.756436374,393342889.5551379,225899235.12627506,27916379.036332376,125740135.7599708,290235684.6551388,545243012.9459542,203342637.53140527,546273036.0913937,2639645757.1568165,995465643.9396899,1708910368.0879014,405685413.0062306,1841710882.9858024,69876794.11584257
296424917.00017345,33548708.700104725,393350842.38352793,225899714.79372224,27917888.030542985,125740116.58792599,290232862.7059261,545242883.0558333,203342510.69551787,546272280.9622457,2639638982.8317266,995464685.1130133,1708907881.4641206,405683661.0050508,1841693791.3587067,69874707.17312615
296430808.51419824,33549968.558480456,393358736.5995556,225900191.70655856,27919388.50649469,125740097.58874744,290230055.1566746,545242754.359786,203342384.21151012,546271526.6147453,2639632245.535524,995463733.0051762,1708905404.2644575,405681922.7372375,1841676871.8525949,69872627.63942432
296436664.55608994,33551220.330562904,393366572.14797086,225900665.86500573,27920880.461236175,125740078.76206912,290227262.09564394,545242626.854078,203342258.10078567,546270773.081265,2639625545.454187,995462787.6423473,1708902936.5558174,405680198.2229037,1841660123.7119637,69870555.42364784
296442485.07877153,33552464.018362384,393374348.99077696,225901137.2704693,27922363.8954794,125740060.1074901,290224483.60771227,545242500.5347575,203342132.38530263,546270020.3943025,2639618882.7631073,995461849.0496136,1708900478.4014356,405678487.47845477,1841643546.1545599,69868490.42471126
296448270.04745823,33553699.627095766,393382067.1081066,225901605.9256242,27923838.813858952,125740041.62457299,290221719.7740447,545242375.3976433,203342007.0876195,546269268.5864443,2639612257.6263623,995460917.2509487,1708898029.8605702,405676790.5164226,1841627138.3701231,69866432.53064752
296454019.43933934,33554927.165166065,393389726.49771166,225902071.83441764,27925305.224935487,125740023.31284562,290218970.67222714,545242251.4383372,203341882.23097262,546268517.6904773,2639605670.1972337,995459992.2693565,1708895590.9886508,405675107.3455875,1841610899.521951,69864381.6180103
296459733.2461822,33556146.64476524,393397327.1783021,225902535.00231543,27926763.14194673,125740005.17179348,290216236.3751761,545242128.6521741,203341757.83930334,546267767.7391322,2639599120.6153116,995459074.1265749,1708893161.8361773,405673437.9702962,1841594828.7410297,69862337.55014853
296465416.35667956,33557359.12557813,393404876.9161172,225902995.86702323,27928213.699056525,125739987.19964974,290213516.78029215,545242006.9336978,203341634.00970292,546267018.7935311,2639592605.4557056,995458162.1745499,1708890741.2707267,405671780.93583626,1841578917.2344813,69860299.03673542
296471068.90446746,33558564.651453234,393412375.9584549,225903454.44695428,27929656.944585353,125739969.39464189,290210811.78288347,545241886.2739455,203341510.7625818,546266270.8833609,2639586124.6689806,995457256.4076097,1708888329.300973,405670136.17620033,1841563163.3661401,69858265.88970768
296476691.0327818,33559763.26916119,393419824.5657709,225903910.7617133,27931092.93065234,125739951.75499381,290208121.2763921,545241766.6638743,203341388.1193637,546265524.0389202,2639579678.1972485,995456356.8199421,1708885925.9324758,405668503.6231545,1841547565.4973345,69856237.9066074
296482282.89389646,33560955.02837133,393427223.0107894,225904364.8321022,27932521.713227432,125739934.27892679,290205445.1524834,545241648.0943713,203341266.10263523,546264778.291291,2639573265.9751854,995455463.4058784,1708883531.1678493,405666883.2063849,1841532121.9883776,69854214.86923769
296487844.64848375,33562139.98161805,393434571.57751226,225904816.6801267,27933943.35214329,125739916.96466234,290202783.3013686,545241530.5562712,203341144.73631394,546264033.6725807,2639566887.9311595,995454576.1601864,1708881145.0071032,405665274.8537607,1841516831.2008567,69852196.54241206
296493376.4666127,33563318.18462745,393441870.56236506,225905266.3291467,27935357.911546264,125739899.8104199,290200135.6114621,545241414.0403426,203341024.0458069,546263290.2159778,2639560543.9865594,995453695.0781431,1708878767.4472985,405663678.491159,1841501691.495927,69850182.67190702
296498878.52624387,33564489.69613729,393449120.2720675,225905713.80383107,27936765.459746256,125739882.8144225,290197501.97010547,545241298.5373254,203340904.05824974,546262547.9561734,2639554234.058056,995452820.1560203,1708876398.483302,405662094.0429758,1841486701.2389073,69848172.98304258
296504351.0142234,33565654.57826265,393456321.0247387,225906159.13032854,27938166.069732565,125739865.9748947,290194882.26324683,545241184.0379186,203340784.80272436,546261806.9294833,2639547958.057078,995451951.3912275,1708874038.107481,405660521.4319825,1841471858.7977014,69846167.17807896
296509794.1260122,33566812.896624655,393463473.14935935,225906602.33635154,27939559.819415044,125739849.29006469,290192276.37570554,545241070.5327939,203340666.31054747,546261067.1741976,2639541715.8908715,995451088.7826995,1708871686.3099751,405658960.57952523,1841457162.544583,69844164.93368523
296515208.06586045,33567964.720603615,393470576.98578167,225907043.45131245,27940946.79202937,125739832.75816524,290189684.19125795,545240958.0126029,203340548.61559516,546260328.7309191,2639535507.463157,995450232.3312693,1708869343.0788052,405657411.40563124,1841442610.8569565,69842165.89781442
296520593.04783094,33569110.12380986,393477632.8858258,225907482.50655273,27942327.076820802,125739816.37743223,290187105.59242296,545240846.4679687,203340431.7546712,546259591.6428633,2639529332.6739845,995449382.0399859,1708867008.399653,405655873.82890373,1841428202.1163118,69840169.68573199
296525949.29561037,33570249.184348576,393484641.21277505,225907919.53549767,27943700.76949997,125739800.14610735,290184540.46079236,545240735.8895026,203340315.76797158,546258855.9564037,2639523191.421165,995448537.9146999,1708864682.256214,405654347.7667684,1841413934.7103531,69838175.87581944
296531277.04264367,33571381.98520946,393491602.3412437,225908354.57386827,27945067.97287424,125739784.06243983,290181988.6772596,545240626.2678182,203340200.69962704,546258121.7216713,2639517083.601542,995447699.9646995,1708862364.6304634,405652833.1356757,1841399807.034542,69836184.00446913
296536576.53294927,33572508.61487213,393498516.6578896,225908787.6599898,27946428.797769856,125739768.12468676,290179450.1220434,545240517.5935339,203340086.59834203,546257388.9931912,2639511009.1117797,995446868.2033755,1708860055.5026994,405651329.8511582,1841385817.492397,69834193.55973339
296541848.0228753,33573629.168200165,393505384.56329304,225909218.8352291,27947783.364341125,125739752.33111133,290176924.6744203,545240409.8572613,203339973.51815346,546256657.8305589,2639504967.8484592,995446042.6489109,1708857754.8512616,405649837.8276836,1841371964.494084,69832203.97337368
296547091.78153145,33574743.747172534,393512206.47205395,225909648.1443847,27949131.80323143,125739736.67998566,290174412.2131055,545240303.0496246,203339861.51938808,546255928.2994958,2639498959.7101336,995445223.3253711,1708855462.6529424,405648356.9789268,1841358246.4587226,69830214.61181238
296552308.0923557,33575852.46199642,393518982.8142522,225910075.6362488,27950474.25725721,125739721.16959101,290171912.6162752,545240197.1612638,203339750.66981116,546255200.4729995,2639492984.598636,995444410.2638805,1708853178.8830345,405646887.2178321,1841344661.8146684,69828224.76468526
296557497.255138,33576955.432503946,393525714.03738976,225910501.3643107,27951810.883514024,125739705.79821807,290169425.7615879,545240092.1828365,203339641.04605022,546254474.4327654,2639487042.4206343,995443603.5040668,1708850903.5153646,405645428.4566563,1841331208.9997253,69826233.63063963
296562659.58812475,33578052.78980925,393532400.6082863,225910925.38759997,27953141.85590017,125739690.5641684,290166951.5263864,545239988.1050287,203339532.73538136,546253750.2710257,2639481133.090039,995442803.0959258,1708848636.5225248,405643980.60713017,1841317886.4623797,69824240.29975452
296567795.4319891,33579144.678676255,393539043.0171708,225911347.7718601,27954467.36863635,125739675.46575262,290164489.7874263,545239884.9185433,203339425.83796084,546253028.0926956,2639475256.529569,995442009.1019832,1708846377.87559,405642543.5803139,1841304692.6603408,69822243.7308577
296572905.15366316,33580231.26028787,393545641.7813406,225911768.5909463,27955787.640451252,125739660.50129168,290162040.4210554,545239782.614109,203339320.46970442,546252308.0182983,2639469412.6741695,995441221.6002408,1708844127.5443158,405641117.2867289,1841291626.0615997,69820242.72298183
296577989.1509999,33581312.71576666,393552197.4495181,225912187.92860648,27957102.91992093,125739645.66911927,290159603.30354726,545239681.1824973,203339216.76601553,546251590.1877866,2639463601.475745,995440440.6880264,1708841885.4975235,405639701.63661295,1841278685.1463885,69818235.87855597
296583047.86079544,33582389.25119836,393558710.6100224,225912605.8809809,27958413.492966246,125739630.9675796,290157178.3107884,545239580.6145092,203339114.88664913,546250874.7653093,2639457822.9072423,995439666.4867746,1708839651.7027752,405638296.53975016,1841265868.4054673,69816221.55433734
296588080.7759794,33583460.93868249,393565179.91593367,225913022.55979407,27959719.527127404,125739616.39502966,290154765.31859905,545239480.9009905,203339015.02224594,546250161.945836,2639452076.970112,995438899.1486707,1708837426.1267295,405636901.90569246,1841253177.647807,69814197.79652028
296593077.79893744,33584520.677229196,393571595.9874397,225913434.3603833,27961010.300477885,125739601.94983812,290152364.2025634,545239382.0328243,203338909.93032134,546249444.4910903,2639446356.229914,995438131.3926027,1708835208.7349734,405635517.6436828,1841240609.5030715,69812236.9806171
296598027.65112746,33585560.67123791,393577948.0764258,225913837.3461162,27962274.064614035,125739587.63038535,290149974.8380859,545239284.0009379,203338791.70456785,546248714.4986509,2639440652.586699,995437355.2738708,1708832999.493534,405634143.66515255,1841228161.232608,69810418.11835729
296602950.5884169,33586594.33814196,393584256.58811647,225914238.2185951,27963530.922434572,125739573.4350651,290147597.10060596,545239186.7963083,203338673.7149194,546247985.3422519,2639434979.214776,995436584.1239332,1708830798.367634,405632779.881429,1841215831.3815985,69808607.45751888
296607846.81386167,33587621.72684345,393590521.87586707,225914636.99508876,27964780.924028102,125739559.36228408,290145230.86556196,545239090.4099617,203338555.96248102,546247257.0273051,2639429335.9176927,995435817.905379,1708828605.3216705,405631426.20373875,1841203618.5079203,69806804.93310224
296612716.529711,33588642.885045856,393596744.2918217,225915033.69222403,27966024.117684223,125739545.41046287,290142876.0085248,545238994.8329802,203338438.44683337,546246529.5573089,2639423722.4958377,995435056.5792383,1708826420.3193748,405630082.54331046,1841191521.1829236,69805010.49348743
296617559.93926287,33589657.86066842,393602924.1892659,225915428.32668588,27967260.55200705,125739531.57803495,290140532.405056,545238900.0564959,203338321.16743702,546245802.93556,2639418138.747574,995434300.1063676,1708824243.3236692,405628748.811304,1841179537.9906151,69803224.08662206
296622377.2460864,33590666.70168311,393609061.92161506,225915820.91515338,27968490.275717903,125739517.86344865,290138199.9310042,545238806.0717047,203338204.12364635,546245077.1652577,2639412584.4701214,995433548.4475654,1708822074.2970083,405627424.9190145,1841167667.5292222,69801445.66029972
296627168.65441763,33591669.45619408,393615157.8428789,225916211.47433317,27969713.337754585,125739504.26516582,290135878.4623221,545238712.8698584,203338087.3146995,546244352.2494358,2639407059.459117,995432801.5635185,1708819913.201192,405626110.7777798,1841155908.41015,69799675.16200657
296631934.36953527,33592666.1725128,393621212.3081111,225916600.02099225,27970929.787364088,125739490.78166077,290133567.8749083,545238620.4422575,203337970.73970935,546243628.1909003,2639401563.5082107,995432059.4147519,1708817759.997192,405624806.2988835,1841144259.2570562,69797912.5387855
296636674.59714246,33593656.899027966,393627225.6726039,225916986.57190678,27972139.673945025,125739477.41142175,290131268.0448415,545238528.7802625,203337854.39767388,546242904.9923124,2639396096.409769,995431321.9617206,1708815614.6454237,405623511.3937169,1841132718.7070549,69796157.73745978
296641389.54324174,33594641.68417749,393633198.29169655,225917371.14385208,27973343.047015466,125739464.1529511,290128978.84840554,545238437.8752948,203337738.28747636,546242182.6561962,2639390657.9550223,995430589.1648309,1708813477.105796,405622225.9738199,1841121285.410812,69794410.70466977
296646079.41381484,33595620.57638043,393639130.52034646,225917753.75357634,27974539.956131056,125739451.00476591,290126700.16220033,545238347.7188433,203337622.40788922,546241461.1849777,2639385247.9344316,995429860.9844896,1708811347.3378506,405620949.95096815,1841109958.0330696,69792671.38698545
296650744.41467863,33596593.62400524,393645022.71292114,225918134.4177889,27975730.45084762,125739437.96539812,290124431.8631812,545238258.3024653,203337506.7575747,546240740.5809977,2639379866.1378565,995429137.381126,1708809225.3008223,405619683.2372152,1841098735.2527816,69790939.73095368
296655384.0674275,33597560.875514805,393650875.2240708,225918513.15322113,27976914.580899894,125739425.0333926,290122173.828363,545238169.6177734,203337392.0198416,546240020.8463998,2639374512.353772,995428418.3150944,1708807110.9533105,405618425.74471325,1841087615.7614505,69789215.68283476
296659998.641138,33598522.37928196,393656688.4076007,225918889.97655264,27978092.39597594,125739412.20730922,290119925.9351652,545238081.6564516,203337278.13007128,546239301.9832581,2639369186.370274,995427703.7468026,1708805004.2536807,405617177.3859381,1841076598.2648692,69787499.18892884
296664588.9058097,33599478.18360388,393662462.61653984,225919264.90441808,27979263.945736695,125739399.48572251,290117688.0613561,545237994.4102525,203337164.52234983,546238583.9935551,2639363887.974997,995426993.636703,1708802905.1600223,405615938.07367873,1841065681.4827623,69785790.19553722
296669155.06557363,33600428.33670482,393668198.20314926,225919637.95340967,27980429.27982,125739386.86722142,290115460.0850341,545237907.8709964,203337051.19627818,546237866.8791738,2639358616.9550996,995426287.9452931,1708800813.6301367,405614707.7210329,1841054864.1485865,69784088.64895351
296673697.3242575,33601372.88672218,393673895.5188294,225920009.14007285,27981588.447824348,125739374.35040918,290113241.88463867,545237822.0305724,203336938.15134937,546237150.6419017,2639353373.097347,995425586.633125,1708798729.621562,405613486.2414249,1841044145.0094984,69782394.49548332
296678215.88565266,33602311.88176908,393679554.91449106,225920378.48093328,27982741.499386597,125739361.93390252,290111033.33881605,545237736.8809319,203336825.38698757,546236435.2833772,2639348156.187772,995424889.6607645,1708796653.0914261,405612273.5485285,1841033522.8255532,69780707.68132731
296682710.9529696,33603245.369821504,393685176.7398649,225920745.9924517,27983888.48404371,125739349.61633274,290108834.3266233,545237652.4140973,203336712.90255958,546235720.8051678,2639342966.0122933,995424196.9888706,1708794583.9966948,405611069.5564042,1841022996.3706794,69779028.1527804
296687182.72877234,33604173.398703665,393690761.34339994,225921111.69101897,27985029.451216105,125739337.3963458,290106644.7275346,545237568.6221634,203336600.6973761,546235007.208773,2639337802.356797,995423508.5782056,1708792522.2941973,405609874.17952174,1841012564.432629,69777355.85624863
296691631.41522956,33605096.016138166,393696309.0725596,225921475.59297785,27986164.45026992,125739325.2726013,290104464.42133206,545237485.4972914,203336488.77068722,546234294.4955813,2639332665.006864,995422824.3896024,1708790467.9405088,405608687.3326985,1841002225.8123071,69775690.7381552
296696057.21398515,33606013.26971843,393701820.27365124,225921837.71461284,27987293.53048342,125739313.24377292,290102293.2881476,545237403.0317116,203336377.12168574,546233582.666886,2639327553.7479296,995422144.3839848,1708788420.892008,405607508.9311313,1840991979.3238873,69774032.74498768
296700460.3266942,33606925.207016714,393707295.2924714,225922198.0721962,27988416.741180852,125739301.30854672,290100131.2082414,545237321.2177122,203336265.74949712,546232871.7237979,2639322468.364702,995421468.522295,1708786381.1046293,405606338.8902645,1840981823.7935789,69772381.82309867
296704840.95382357,33607831.875338376,393712734.4728185,225922556.6818873,27989534.13142956,125739289.465624,290097978.06246364,545237240.047661,203336154.65320387,546232161.6674277,2639317408.6425037,995420796.7656623,1708784348.5344145,405605177.126088,1840971758.0618973,69770737.91914798
296709199.29490596,33608733.32177277,393718138.1567826,225922913.55975425,27990645.750104494,125739277.71372053,290095833.7321301,545237159.5139992,203336043.8318401,546231452.4988384,2639312374.366988,995420129.0753695,1708782323.1373913,405604023.5550834,1840961780.982952,69769100.97999792
296713535.54866433,33609629.593217716,393723506.68489224,225923268.7217851,27991751.64591828,125739266.05234894,290093698.23351157,545237079.6092395,203335933.28439006,546230744.219024,2639307365.3240175,995419465.4128366,1708780304.8695168,405602878.09419084,1840951891.424047,69767470.95266868
296717849.91304237,33610520.7363848,393728840.39614284,225923622.183891,27992851.86742792,125739254.48101729,290091571.58177626,545237000.3259637,203335823.00978816,546230036.8289015,2639302381.299643,995418805.7396188,1708778293.686663,405601740.6608015,1840942088.2654676,69765847.78432702
296722142.58487606,33611406.79773168,393734139.6275851,225923973.96187901,27993946.462951463,125739242.99922997,290089453.7911237,545236921.6568292,203335713.0069261,546229330.3293608,2639297422.0804753,995418150.0174533,1708776289.5447686,405600611.17283916,1840932370.4009733,69764231.4224058
296726413.7602248,33612287.82352863,393739404.71471846,225924324.07148063,27995035.48065075,125739231.60648699,290087344.8746596,545236843.5945617,203335603.27464667,546228624.721207,2639292487.453331,995417498.208215,1708774292.3996851,405599489.5486815,1840922736.7369797,69762621.81447856
296730663.63376564,33613163.85973474,393744635.9907462,225924672.52830094,27996118.968378093,125739220.30228566,290085244.84464186,545236766.1319649,203335493.8117566,546227920.0052553,2639287577.20591,995416850.274001,1708772302.2074606,405598375.70730656,1840913186.1935966,69761018.9084844
296734892.3992062,33614034.95208112,393749833.7870668,225925019.347854,27997196.973780032,125739209.08611968,290083153.712321,545236689.2619134,203335384.61701858,546227216.1822618,2639282691.1263485,995416206.1770754,1708770318.9241438,405597269.5681958,1840903717.703646,69759422.65256993
296739100.2498866,33614901.14619211,393754998.4340043,225925364.54561454,27998269.544446945,125739197.95747793,290081071.4877216,545236612.9773413,203335275.68914077,546226513.2528263,2639277829.0025764,995415565.8797882,1708768342.5055072,405596171.0511833,1840894330.211364,69757832.99487019
296743287.37779385,33615762.48738478,393760130.25960636,225925708.13693526,27999336.727664318,125739186.91584696,290078998.1800369,545236537.2712587,203335167.02679682,546225811.2175491,2639272990.623409,995414929.3447114,1708766372.9075093,405595080.0766932,1840885022.6741745,69756249.88387586
296747453.97367764,33616619.020691715,393765229.5897683,225926050.13705647,28000398.570442118,125739175.96071081,290076933.7975808,545236462.1367489,203335058.6286237,546225110.077007,2639268175.7784276,995414296.5346252,1708764410.086238,405593996.5657192,1840875794.0622838,69754673.26838216
296751600.22732395,33617470.79091597,393770296.7485627,225926390.56113,28001455.119582698,125739165.09155054,290074878.3476934,545236387.5669628,203334950.49321705,546224409.8317083,2639263384.257689,995413667.4124799,1708762453.9977834,405592920.43975544,1840866643.3580089,69753103.09738813
296755726.32725257,33618317.842569225,393775332.0578698,225926729.42419386,28002506.421603702,125739154.3078451,290072831.83687025,545236313.5551245,203334842.6191381,546223710.482141,2639258615.8520694,995413041.9414399,1708760504.5983841,405591851.6208687,1840857569.5562146,69751539.32021055
296759832.46111,33619160.21995063,393780335.83784497,225927066.74120632,28003552.522836354,125739143.60907044,290070794.2706171,545236240.0945225,203334735.00490636,546223012.0287064,2639253870.3528457,995412420.0848305,1708758561.8442407,405590790.03160405,1840848571.6634133,69749981.88633537
296763918.81522197,33619997.96705591,393785308.4063775,225927402.52700812,28004593.46931193,125739132.99470086,290068765.653636,545236167.1785178,203334627.6490094,546222314.4717922,2639249147.552197,995411801.8062001,1708756625.69173,405589735.59509087,1840839648.69848,69748430.74558663
296767985.5744414,33620831.12754635,393790250.0788994,225927736.79630983,28005629.3067236,125739122.4642094,290066745.98988795,545236094.8005455,203334520.54990608,546221617.811794,2639244447.2433743,995411187.069341,1708754696.0974782,405588688.2350818,1840830799.6927736,69746885.84817867
296772032.9224926,33621659.74481779,393795161.1687961,225928069.56372154,28006660.08051218,125739112.01706707,290064735.2824708,545236022.9541078,203334413.7060204,546220922.0490588,2639239769.220339,995410575.8382432,1708752773.0181983,405587647.8758697,1840822023.6893442,69745347.14458756
296776061.0420229,33622483.862010576,393800041.98746955,225928400.8437578,28007685.83587791,125739101.65274309,290062733.5336141,545235951.6327734,203334307.11574185,546220227.1838758,2639235113.2777166,995409968.07709,1708750856.41067,405586614.4422722,1840813319.7427046,69743814.58553475
296780070.11404246,33623303.52189643,393804892.8436624,225928730.65079013,28008706.617639396,125739091.37070613,290060740.7449033,545235880.8301859,203334200.77743635,546219533.2165688,2639230479.211418,995409363.7503322,1708748946.2320075,405585587.8597652,1840804686.9197316,69742288.1221953
296784060.318532,33624118.767000444,393809714.04418063,225929058.9990991,28009722.470385898,125739081.17042305,290058756.91705376,545235810.5400527,203334094.68943536,546218840.1473936,2639225866.817985,995408762.8226081,1708747042.4393713,405584568.0543398,1840796124.298383,69740767.70596789
296788031.83403474,33624929.639518715,393814505.8934091,225929385.90284017,28010733.43837371,125739071.05136006,290056782.05008364,545235740.7561513,203333988.85004473,546218147.9766068,2639221275.8950467,995408165.2587985,1708745144.9901674,405583554.95259506,1840787630.9683285,69739253.28863156
296791984.8381762,33625736.181422435,393819268.6939275,225929711.37608814,28011739.565656234,125739061.01298158,290054816.1431233,545235671.472321,203333883.2575351,546217456.7043778,2639216706.2407646,995407571.0239584,1708743253.8417993,405582548.48161536,1840779206.0298495,69737744.82214919
296795919.5073106,33626538.43438653,393824002.7460913,225930035.43280756,28012740.895994097,125739051.0547512,290052859.1945665,545235602.682467,203333777.91014978,546216766.3308493,2639212157.65423,995406980.0833647,1708741368.9518428,405581548.5690503,1840770848.5943696,69736242.25880341
296799836.01650274,33627336.43978571,393828708.3480042,225930358.08685136,28013737.47285034,125739041.17613183,290050911.20208436,545235534.3805603,203333672.8061056,546216076.8561382,2639207629.935489,995406392.4025187,1708739490.278055,405580555.1431208,1840762557.7843451,69734745.55120099
296803734.5396444,33628130.238717705,393833385.79565763,225930679.3519712,28014729.33941917,125739031.37658557,290048972.16259277,545235466.5606358,203333567.9435913,546215388.2803167,2639203122.8854275,995405807.9471319,1708737617.7783206,405579568.1325901,1840754332.732921,69733254.65222928
296807615.2488644,33628919.87188474,393838035.3822289,225930999.24176717,28015716.538477328,125739021.6555751,290047042.0724879,545235399.216801,203333463.32077944,546214700.6035117,2639198636.3064175,995405226.6832029,1708735751.410938,405578587.4669017,1840746172.5848691,69731769.51527813
296811478.3153834,33629705.37976468,393842657.39909256,225931317.76976115,28016699.11259834,125739012.01256189,290045120.9273302,545235332.3432213,203333358.9358106,546214013.8257588,2639194170.0014,995404648.5769067,1708733891.1342115,405577613.07597953,1840738076.4949014,69730290.09391654
296815323.9087276,33630486.80245351,393847252.13489604,225931634.94933006,28017677.103954006,125739002.44700806,290043208.722161,545235265.9341322,203333254.78680953,546213327.9471394,2639189723.7747474,995404073.5946972,1708732036.9068332,405576644.89040637,1840730043.6289747,69728816.34219377
296819152.1971876,33631264.17975696,393851819.87609696,225931950.79374516,28018650.554429717,125738992.9583755,290041305.45133394,545235199.9838316,203333150.8718766,546212642.9676999,2639185297.4317746,995403501.7032479,1708730188.6876643,405575682.84131986,1840722073.1633215,69727348.21446216
296822963.34769785,33632037.551166385,393856360.90682614,225932265.3161621,28019619.50559311,125738983.54612619,290039411.1085773,545235134.486681,203333047.1890911,546211958.8874748,2639180890.7788773,995402932.8694674,1708728346.4357975,405574726.86043566,1840714164.2845504,69725885.66542673
296826757.5260874,33632806.95590864,393860875.50918376,225932578.52964276,28020583.99875643,125738974.20972179,290037525.6869116,545235069.4371009,203332943.7365071,546211275.7064435,2639176503.6232758,995402367.0604671,1708726510.11044,405573776.8799884,1840706316.1890762,69724428.65005082
296830534.8968156,33633572.432893254,393865363.9629306,225932890.44713283,28021544.074909534,125738964.94862433,290035649.1787623,545235004.8295742,203332840.5121593,546210593.4245776,2639172135.773306,995401804.2435961,1708724679.6710434,405572832.8327904,1840698528.0834732,69722977.12365782
296834295.62303054,33634334.02072404,393869826.5455564,225933201.08146703,28022499.77473437,125738955.76229616,290033781.5759479,545234940.6586457,203332737.51406243,546209912.0418298,2639167787.038363,995401244.3864331,1708722855.0772789,405571894.6522181,1840690799.1842446,69721531.0419078
296838039.86651003,33635091.7576873,393874263.5322124,225933510.44536424,28023451.138589572,125738946.65020019,290031922.86971444,545234876.9189214,203332634.74021307,546209231.5581461,2639163457.228974,995400687.4567951,1708721036.2890692,405570962.272224,1840683128.7178082,69720090.36082107
296841767.78779167,33635845.68177769,393878675.195866,225933818.55143905,28024398.20654259,125738937.61179967,290030073.05069923,545234813.6050661,203332532.1885876,546208551.9734432,2639159146.156669,995400133.4227192,1708719223.2665288,405570035.627305,1840675515.9201505,69718655.03672975
296845479.5457418,33636595.830612525,393883061.80679905,225934125.41216475,28025341.018261272,125738928.64655924,290028232.1091036,545234750.71181,203332429.8571514,546207873.2876852,2639154853.6344457,995399582.2525191,1708717415.9701765,405569114.6525997,1840667960.0374606,69717225.02644156
296849175.2985556,33637342.24163058,393887423.6337782,225934431.0399596,28026279.613263905,125738919.75394288,290026400.03433275,545234688.2339324,203332327.74384028,546207195.5007089,2639150579.4757123,995399033.9146562,1708715614.3604534,405568199.2836579,1840660460.3242724,69715800.28686172
296852855.2026227,33638084.95186669,393891760.9427389,225934735.4470897,28027214.03063399,125738910.93341641,290024576.81543523,545234626.1662788,203332225.84658295,546206518.6124265,2639146323.495508,995398488.3778844,1708713818.3982801,405567289.45669484,1840653016.0453374,69714380.7754279
296856519.41315633,33638823.99807679,393896073.99751276,225935038.645723,28028144.309178427,125738902.18444623,290022762.44087243,545234564.5037509,203332124.16328937,546205842.6227124,2639142085.509835,995397945.6111706,1708712028.0447502,405566385.1084513,1840645626.4744,69712966.44986585
296860168.0839659,33639559.41669288,393900363.0595724,225935340.64791003,28029070.487369504,125738893.50649992,290020956.89862114,545234503.2413087,203332022.6918557,546205167.5314467,2639137865.335911,995397405.5837221,1708710243.2612476,405565486.1762402,1840638290.8944914,69711557.26828103
296863801.36765003,33640291.24386133,393904628.38825667,225935641.46560088,28029992.603392884,125738884.89904587,290019160.1761131,545234442.3739678,203331921.4301616,546204493.3384823,2639133662.7919693,995396868.2649627,1708708464.009355,405564592.59790164,1840631008.597484,69710153.18908523
296867419.4157182,33641019.51546706,393908870.24091786,225935941.1106557,28030910.695177395,125738876.36155316,290017372.26020527,545234381.8967971,203331820.37606838,546203820.0436242,2639129477.6971436,995396333.6245159,1708706690.2508001,405563704.31177205,1840623778.8837852,69708754.17095323
296871022.37827843,33641744.26707175,393913088.8725619,225936239.59481826,28031824.800316423,125738867.8934923,290015593.13730633,545234321.8049226,203331719.5274257,546203147.6466874,2639125309.8718004,995395801.6322453,1708704921.9476106,405562821.2567531,1840616601.0627623,69707360.1729424
296874610.4038101,33642465.5338691,393917284.53558654,225936536.92969608,28032734.956011333,125738859.49433567,290013822.7934679,545234262.0935307,203331618.882076,546202476.1475375,2639121159.137787,995395272.2582818,1708703159.062228,405561943.37236375,1840609474.4530146,69705971.15457721
296878183.64002556,33643183.35085532,393921457.480782,225936833.1268353,28033641.19928624,125738851.16355594,290012061.2140839,545234202.7578545,203331518.4378391,546201805.5459378,2639117025.317528,995394745.4729149,1708701401.557091,405561070.59854305,1840602398.3808115,69704587.07552396
296881742.2332535,33643897.75270736,393925607.9566285,225937128.19766766,28034543.566832814,125738842.90062739,290010308.38413393,545234143.7931823,203331418.19252488,546201135.8416637,2639112908.2346864,995394221.246669,1708699649.394943,405560202.8757829,1840595372.181048,69703207.89583087
296885286.3283246,33644608.77376052,393929736.20916194,225937422.1535006,28035442.09498217,125738834.70502618,290008564.28822905,545234085.1948597,203331318.1439353,546200467.0345234,2639108807.714289,995393699.5503182,1708697902.5388894,405559340.14515674,1840588395.1973202,69701833.57596783
296888816.0688348,33645316.44806061,393933842.4822817,225937715.00554025,28036336.81977032,125738826.57622989,290006828.91052943,545234026.9582845,203331218.2898602,546199799.1243112,2639104723.5824523,995393180.3548512,1708696160.9522727,405558482.3482578,1840581466.7813845,69700464.07672767
