47123.5952,30916.4801,34748.5501,15963.892999999998,6484.462600000001,8011.385799999999,3229.9982,10431.3132,2174.37,10612.7164,35255.3223,3362.227
47123.5952,30916.4801,34748.5501,15963.892999999998,6484.462600000001,8011.385799999999,3229.9982,10431.3132,2174.37,10612.7164,35255.3223,3362.227
47123.5952,30916.4801,34748.5501,15963.892999999998,6484.462600000001,8011.385799999999,3229.9982,10431.3132,2174.37,10612.7164,35255.3223,3362.227
47123.5952,30916.4801,34748.5501,15963.892999999998,6484.462600000001,8011.385799999999,3229.9982,10431.3132,2174.37,10612.7164,35255.3223,3362.227
47123.5952,30916.4801,34748.5501,15963.892999999998,6484.462600000001,8011.385799999999,3229.9982,10431.3132,2174.37,10612.7164,35255.3223,3362.227
47123.5952,30916.4801,34748.5501,15963.892999999998,6484.462600000001,8011.385799999999,3229.9982,10431.3132,2174.37,10612.7164,35255.3223,3362.227
47123.5952,30916.4801,34748.5501,15963.892999999998,6484.462600000001,8011.385799999999,3229.9982,10431.3132,2174.37,10612.7164,35255.3223,3362.227
47123.5952,30916.4801,34748.5501,15963.892999999998,6484.462600000001,8011.385799999999,3229.9982,10431.3132,2174.37,10612.7164,35255.3223,3362.227
47123.5952,30916.4801,34748.5501,15963.892999999998,6484.462600000001,8011.385799999999,3229.9982,10431.3132,2174.37,10612.7164,35255.3223,3362.227
47123.5952,30916.4801,34748.5501,15963.892999999998,6484.462600000001,8011.385799999999,3229.9982,10431.3132,2174.37,10612.7164,35255.3223,3362.227
56780.774600000004,38486.5547,42884.578,20505.470699999998,9106.5326,11025.2538,4787.5223,13764.7664,3269.4563000000003,14414.379099999998,43371.95389999999,5040.896299999999
56780.774600000004,38486.5547,42884.578,20505.470699999998,9106.5326,11025.2538,4787.5223,13764.7664,3269.4563000000003,14414.379099999998,43371.95389999999,5040.896299999999
56780.774600000004,38486.5547,42884.578,20505.470699999998,9106.5326,11025.2538,4787.5223,13764.7664,3269.4563000000003,14414.379099999998,43371.95389999999,5040.896299999999
56780.774600000004,38486.5547,42884.578,20505.470699999998,9106.5326,11025.2538,4787.5223,13764.7664,3269.4563000000003,14414.379099999998,43371.95389999999,5040.896299999999
56780.774600000004,38486.5547,42884.578,20505.470699999998,9106.5326,11025.2538,4787.5223,13764.7664,3269.4563000000003,14414.379099999998,43371.95389999999,5040.896299999999
56780.774600000004,38486.5547,42884.578,20505.470699999998,9106.5326,11025.2538,4787.5223,13764.7664,3269.4563000000003,14414.379099999998,43371.95389999999,5040.896299999999
56780.774600000004,38486.5547,42884.578,20505.470699999998,9106.5326,11025.2538,4787.5223,13764.7664,3269.4563000000003,14414.379099999998,43371.95389999999,5040.896299999999
56780.774600000004,38486.5547,42884.578,20505.470699999998,9106.5326,11025.2538,4787.5223,13764.7664,3269.4563000000003,14414.379099999998,43371.95389999999,5040.896299999999
56780.774600000004,38486.5547,42884.578,20505.470699999998,9106.5326,11025.2538,4787.5223,13764.7664,3269.4563000000003,14414.379099999998,43371.95389999999,5040.896299999999
56780.774600000004,38486.5547,42884.578,20505.470699999998,9106.5326,11025.2538,4787.5223,13764.7664,3269.4563000000003,14414.379099999998,43371.95389999999,5040.896299999999
66382.39080000001,46307.159799999994,51478.385200000004,25305.8069,12198.736,14482.9861,6718.355599999999,17439.4396,4661.4282,18804.2712,51723.6885,7179.462399999999
66382.39080000001,46307.159799999994,51478.385200000004,25305.8069,12198.736,14482.9861,6718.355599999999,17439.4396,4661.4282,18804.2712,51723.6885,7179.462399999999
66382.39080000001,46307.159799999994,51478.385200000004,25305.8069,12198.736,14482.9861,6718.355599999999,17439.4396,4661.4282,18804.2712,51723.6885,7179.462399999999
66382.39080000001,46307.159799999994,51478.385200000004,25305.8069,12198.736,14482.9861,6718.355599999999,17439.4396,4661.4282,18804.2712,51723.6885,7179.462399999999
66382.39080000001,46307.159799999994,51478.385200000004,25305.8069,12198.736,14482.9861,6718.355599999999,17439.4396,4661.4282,18804.2712,51723.6885,7179.462399999999
66382.39080000001,46307.159799999994,51478.385200000004,25305.8069,12198.736,14482.9861,6718.355599999999,17439.4396,4661.4282,18804.2712,51723.6885,7179.462399999999
66382.39080000001,46307.159799999994,51478.385200000004,25305.8069,12198.736,14482.9861,6718.355599999999,17439.4396,4661.4282,18804.2712,51723.6885,7179.462399999999
66382.39080000001,46307.159799999994,51478.385200000004,25305.8069,12198.736,14482.9861,6718.355599999999,17439.4396,4661.4282,18804.2712,51723.6885,7179.462399999999
66382.39080000001,46307.159799999994,51478.385200000004,25305.8069,12198.736,14482.9861,6718.355599999999,17439.4396,4661.4282,18804.2712,51723.6885,7179.462399999999
66382.39080000001,46307.159799999994,51478.385200000004,25305.8069,12198.736,14482.9861,6718.355599999999,17439.4396,4661.4282,18804.2712,51723.6885,7179.462399999999
76154.6412,54524.318199999994,58109.7418,30432.1534,15805.4193,18392.1694,9109.170399999999,21573.9007,6463.3723,23792.8955,60329.19639999999,9871.6519
76154.6412,54524.318199999994,58109.7418,30432.1534,15805.4193,18392.1694,9109.170399999999,21573.9007,6463.3723,23792.8955,60329.19639999999,9871.6519
76154.6412,54524.318199999994,58109.7418,30432.1534,15805.4193,18392.1694,9109.170399999999,21573.9007,6463.3723,23792.8955,60329.19639999999,9871.6519
76154.6412,54524.318199999994,58109.7418,30432.1534,15805.4193,18392.1694,9109.170399999999,21573.9007,6463.3723,23792.8955,60329.19639999999,9871.6519
76154.6412,54524.318199999994,58109.7418,30432.1534,15805.4193,18392.1694,9109.170399999999,21573.9007,6463.3723,23792.8955,60329.19639999999,9871.6519
76154.6412,54524.318199999994,58109.7418,30432.1534,15805.4193,18392.1694,9109.170399999999,21573.9007,6463.3723,23792.8955,60329.19639999999,9871.6519
76154.6412,54524.318199999994,58109.7418,30432.1534,15805.4193,18392.1694,9109.170399999999,21573.9007,6463.3723,23792.8955,60329.19639999999,9871.6519
76154.6412,54524.318199999994,58109.7418,30432.1534,15805.4193,18392.1694,9109.170399999999,21573.9007,6463.3723,23792.8955,60329.19639999999,9871.6519
76154.6412,54524.318199999994,58109.7418,30432.1534,15805.4193,18392.1694,9109.170399999999,21573.9007,6463.3723,23792.8955,60329.19639999999,9871.6519
76154.6412,54524.318199999994,58109.7418,30432.1534,15805.4193,18392.1694,9109.170399999999,21573.9007,6463.3723,23792.8955,60329.19639999999,9871.6519
86251.9702,63197.8644,66283.4007,36031.8398,19961.612,22726.147399999998,11938.719099999998,26005.5257,8620.282,29319.2801,69270.5277,13095.672700000001
86251.9702,63197.8644,66283.4007,36031.8398,19961.612,22726.147399999998,11938.719099999998,26005.5257,8620.282,29319.2801,69270.5277,13095.672700000001
86251.9702,63197.8644,66283.4007,36031.8398,19961.612,22726.147399999998,11938.719099999998,26005.5257,8620.282,29319.2801,69270.5277,13095.672700000001
86251.9702,63197.8644,66283.4007,36031.8398,19961.612,22726.147399999998,11938.719099999998,26005.5257,8620.282,29319.2801,69270.5277,13095.672700000001
86251.9702,63197.8644,66283.4007,36031.8398,19961.612,22726.147399999998,11938.719099999998,26005.5257,8620.282,29319.2801,69270.5277,13095.672700000001
86251.9702,63197.8644,66283.4007,36031.8398,19961.612,22726.147399999998,11938.719099999998,26005.5257,8620.282,29319.2801,69270.5277,13095.672700000001
86251.9702,63197.8644,66283.4007,36031.8398,19961.612,22726.147399999998,11938.719099999998,26005.5257,8620.282,29319.2801,69270.5277,13095.672700000001
86251.9702,63197.8644,66283.4007,36031.8398,19961.612,22726.147399999998,11938.719099999998,26005.5257,8620.282,29319.2801,69270.5277,13095.672700000001
86251.9702,63197.8644,66283.4007,36031.8398,19961.612,22726.147399999998,11938.719099999998,26005.5257,8620.282,29319.2801,69270.5277,13095.672700000001
86251.9702,63197.8644,66283.4007,36031.8398,19961.612,22726.147399999998,11938.719099999998,26005.5257,8620.282,29319.2801,69270.5277,13095.672700000001
96514.5368,72250.9513,75316.7404,42128.085999999996,24701.254599999997,27577.7029,15190.993400000001,30695.8366,11054.2817,35412.1504,78431.0263,16829.9142
96514.5368,72250.9513,75316.7404,42128.085999999996,24701.254599999997,27577.7029,15190.993400000001,30695.8366,11054.2817,35412.1504,78431.0263,16829.9142
96514.5368,72250.9513,75316.7404,42128.085999999996,24701.254599999997,27577.7029,15190.993400000001,30695.8366,11054.2817,35412.1504,78431.0263,16829.9142
96514.5368,72250.9513,75316.7404,42128.085999999996,24701.254599999997,27577.7029,15190.993400000001,30695.8366,11054.2817,35412.1504,78431.0263,16829.9142
96514.5368,72250.9513,75316.7404,42128.085999999996,24701.254599999997,27577.7029,15190.993400000001,30695.8366,11054.2817,35412.1504,78431.0263,16829.9142
96514.5368,72250.9513,75316.7404,42128.085999999996,24701.254599999997,27577.7029,15190.993400000001,30695.8366,11054.2817,35412.1504,78431.0263,16829.9142
96514.5368,72250.9513,75316.7404,42128.085999999996,24701.254599999997,27577.7029,15190.993400000001,30695.8366,11054.2817,35412.1504,78431.0263,16829.9142
96514.5368,72250.9513,75316.7404,42128.085999999996,24701.254599999997,27577.7029,15190.993400000001,30695.8366,11054.2817,35412.1504,78431.0263,16829.9142
96514.5368,72250.9513,75316.7404,42128.085999999996,24701.254599999997,27577.7029,15190.993400000001,30695.8366,11054.2817,35412.1504,78431.0263,16829.9142
96514.5368,72250.9513,75316.7404,42128.085999999996,24701.254599999997,27577.7029,15190.993400000001,30695.8366,11054.2817,35412.1504,78431.0263,16829.9142
106969.8685,81621.43329999999,84631.9012,48579.3099,29975.5478,32856.1101,18896.0376,35686.2033,13842.0249,42045.1405,87828.3098,21123.4298
106969.8685,81621.43329999999,84631.9012,48579.3099,29975.5478,32856.1101,18896.0376,35686.2033,13842.0249,42045.1405,87828.3098,21123.4298
106969.8685,81621.43329999999,84631.9012,48579.3099,29975.5478,32856.1101,18896.0376,35686.2033,13842.0249,42045.1405,87828.3098,21123.4298
106969.8685,81621.43329999999,84631.9012,48579.3099,29975.5478,32856.1101,18896.0376,35686.2033,13842.0249,42045.1405,87828.3098,21123.4298
106969.8685,81621.43329999999,84631.9012,48579.3099,29975.5478,32856.1101,18896.0376,35686.2033,13842.0249,42045.1405,87828.3098,21123.4298
106969.8685,81621.43329999999,84631.9012,48579.3099,29975.5478,32856.1101,18896.0376,35686.2033,13842.0249,42045.1405,87828.3098,21123.4298
106969.8685,81621.43329999999,84631.9012,48579.3099,29975.5478,32856.1101,18896.0376,35686.2033,13842.0249,42045.1405,87828.3098,21123.4298
106969.8685,81621.43329999999,84631.9012,48579.3099,29975.5478,32856.1101,18896.0376,35686.2033,13842.0249,42045.1405,87828.3098,21123.4298
106969.8685,81621.43329999999,84631.9012,48579.3099,29975.5478,32856.1101,18896.0376,35686.2033,13842.0249,42045.1405,87828.3098,21123.4298
106969.8685,81621.43329999999,84631.9012,48579.3099,29975.5478,32856.1101,18896.0376,35686.2033,13842.0249,42045.1405,87828.3098,21123.4298
117615.3154,91288.90980000001,94212.75379999999,55364.09449999999,35765.664000000004,38545.3123,23044.570999999996,40951.8813,16975.477199999998,49186.6331,97455.215,25969.5403
117615.3154,91288.90980000001,94212.75379999999,55364.09449999999,35765.664000000004,38545.3123,23044.570999999996,40951.8813,16975.477199999998,49186.6331,97455.215,25969.5403
117615.3154,91288.90980000001,94212.75379999999,55364.09449999999,35765.664000000004,38545.3123,23044.570999999996,40951.8813,16975.477199999998,49186.6331,97455.215,25969.5403
117615.3154,91288.90980000001,94212.75379999999,55364.09449999999,35765.664000000004,38545.3123,23044.570999999996,40951.8813,16975.477199999998,49186.6331,97455.215,25969.5403
117615.3154,91288.90980000001,94212.75379999999,55364.09449999999,35765.664000000004,38545.3123,23044.570999999996,40951.8813,16975.477199999998,49186.6331,97455.215,25969.5403
117615.3154,91288.90980000001,94212.75379999999,55364.09449999999,35765.664000000004,38545.3123,23044.570999999996,40951.8813,16975.477199999998,49186.6331,97455.215,25969.5403
117615.3154,91288.90980000001,94212.75379999999,55364.09449999999,35765.664000000004,38545.3123,23044.570999999996,40951.8813,16975.477199999998,49186.6331,97455.215,25969.5403
117615.3154,91288.90980000001,94212.75379999999,55364.09449999999,35765.664000000004,38545.3123,23044.570999999996,40951.8813,16975.477199999998,49186.6331,97455.215,25969.5403
117615.3154,91288.90980000001,94212.75379999999,55364.09449999999,35765.664000000004,38545.3123,23044.570999999996,40951.8813,16975.477199999998,49186.6331,97455.215,25969.5403
117615.3154,91288.90980000001,94212.75379999999,55364.09449999999,35765.664000000004,38545.3123,23044.570999999996,40951.8813,16975.477199999998,49186.6331,97455.215,25969.5403
128620.2049,100630.4123,103196.58029999999,61818.524900000004,41775.734000000004,44191.7652,27622.0736,46878.4008,20663.6177,56780.871399999996,106589.17829999999,31443.5077
128620.2049,100630.4123,103196.58029999999,61818.524900000004,41775.734000000004,44191.7652,27622.0736,46878.4008,20663.6177,56780.871399999996,106589.17829999999,31443.5077
128620.2049,100630.4123,103196.58029999999,61818.524900000004,41775.734000000004,44191.7652,27622.0736,46878.4008,20663.6177,56780.871399999996,106589.17829999999,31443.5077
128620.2049,100630.4123,103196.58029999999,61818.524900000004,41775.734000000004,44191.7652,27622.0736,46878.4008,20663.6177,56780.871399999996,106589.17829999999,31443.5077
128620.2049,100630.4123,103196.58029999999,61818.524900000004,41775.734000000004,44191.7652,27622.0736,46878.4008,20663.6177,56780.871399999996,106589.17829999999,31443.5077
128620.2049,100630.4123,103196.58029999999,61818.524900000004,41775.734000000004,44191.7652,27622.0736,46878.4008,20663.6177,56780.871399999996,106589.17829999999,31443.5077
128620.2049,100630.4123,103196.58029999999,61818.524900000004,41775.734000000004,44191.7652,27622.0736,46878.4008,20663.6177,56780.871399999996,106589.17829999999,31443.5077
128620.2049,100630.4123,103196.58029999999,61818.524900000004,41775.734000000004,44191.7652,27622.0736,46878.4008,20663.6177,56780.871399999996,106589.17829999999,31443.5077
128620.2049,100630.4123,103196.58029999999,61818.524900000004,41775.734000000004,44191.7652,27622.0736,46878.4008,20663.6177,56780.871399999996,106589.17829999999,31443.5077
128620.2049,100630.4123,103196.58029999999,61818.524900000004,41775.734000000004,44191.7652,27622.0736,46878.4008,20663.6177,56780.871399999996,106589.17829999999,31443.5077
140255.8432,110235.1382,112510.4222,68500.96770000001,48202.286,49840.2872,32603.353199999998,53238.5359,24699.742099999996,64929.53169999999,115906.5655,37342.1004
140255.8432,110235.1382,112510.4222,68500.96770000001,48202.286,49840.2872,32603.353199999998,53238.5359,24699.742099999996,64929.53169999999,115906.5655,37342.1004
140255.8432,110235.1382,112510.4222,68500.96770000001,48202.286,49840.2872,32603.353199999998,53238.5359,24699.742099999996,64929.53169999999,115906.5655,37342.1004
140255.8432,110235.1382,112510.4222,68500.96770000001,48202.286,49840.2872,32603.353199999998,53238.5359,24699.742099999996,64929.53169999999,115906.5655,37342.1004
140255.8432,110235.1382,112510.4222,68500.96770000001,48202.286,49840.2872,32603.353199999998,53238.5359,24699.742099999996,64929.53169999999,115906.5655,37342.1004
140255.8432,110235.1382,112510.4222,68500.96770000001,48202.286,49840.2872,32603.353199999998,53238.5359,24699.742099999996,64929.53169999999,115906.5655,37342.1004
140255.8432,110235.1382,112510.4222,68500.96770000001,48202.286,49840.2872,32603.353199999998,53238.5359,24699.742099999996,64929.53169999999,115906.5655,37342.1004
140255.8432,110235.1382,112510.4222,68500.96770000001,48202.286,49840.2872,32603.353199999998,53238.5359,24699.742099999996,64929.53169999999,115906.5655,37342.1004
140255.8432,110235.1382,112510.4222,68500.96770000001,48202.286,49840.2872,32603.353199999998,53238.5359,24699.742099999996,64929.53169999999,115906.5655,37342.1004
140255.8432,110235.1382,112510.4222,68500.96770000001,48202.286,49840.2872,32603.353199999998,53238.5359,24699.742099999996,64929.53169999999,115906.5655,37342.1004
149257.4325,119189.36809999999,120813.0308,75168.6243,54947.781899999994,56772.8854,37920.1295,58677.3286,28920.052699999997,72718.1081,124606.6954,44212.0811
149257.4325,119189.36809999999,120813.0308,75168.6243,54947.781899999994,56772.8854,37920.1295,58677.3286,28920.052699999997,72718.1081,124606.6954,44212.0811
149257.4325,119189.36809999999,120813.0308,75168.6243,54947.781899999994,56772.8854,37920.1295,58677.3286,28920.052699999997,72718.1081,124606.6954,44212.0811
149257.4325,119189.36809999999,120813.0308,75168.6243,54947.781899999994,56772.8854,37920.1295,58677.3286,28920.052699999997,72718.1081,124606.6954,44212.0811
149257.4325,119189.36809999999,120813.0308,75168.6243,54947.781899999994,56772.8854,37920.1295,58677.3286,28920.052699999997,72718.1081,124606.6954,44212.0811
149257.4325,119189.36809999999,120813.0308,75168.6243,54947.781899999994,56772.8854,37920.1295,58677.3286,28920.052699999997,72718.1081,124606.6954,44212.0811
149257.4325,119189.36809999999,120813.0308,75168.6243,54947.781899999994,56772.8854,37920.1295,58677.3286,28920.052699999997,72718.1081,124606.6954,44212.0811
149257.4325,119189.36809999999,120813.0308,75168.6243,54947.781899999994,56772.8854,37920.1295,58677.3286,28920.052699999997,72718.1081,124606.6954,44212.0811
149257.4325,119189.36809999999,120813.0308,75168.6243,54947.781899999994,56772.8854,37920.1295,58677.3286,28920.052699999997,72718.1081,124606.6954,44212.0811
149257.4325,119189.36809999999,120813.0308,75168.6243,54947.781899999994,56772.8854,37920.1295,58677.3286,28920.052699999997,72718.1081,124606.6954,44212.0811
162640.21399999998,130615.7974,132573.5048,83614.70259999999,62783.7056,63086.859,43768.107899999995,65451.078,33304.161,82173.7862,135711.48249999998,50916.1708
162640.21399999998,130615.7974,132573.5048,83614.70259999999,62783.7056,63086.859,43768.107899999995,65451.078,33304.161,82173.7862,135711.48249999998,50916.1708
162640.21399999998,130615.7974,132573.5048,83614.70259999999,62783.7056,63086.859,43768.107899999995,65451.078,33304.161,82173.7862,135711.48249999998,50916.1708
162640.21399999998,130615.7974,132573.5048,83614.70259999999,62783.7056,63086.859,43768.107899999995,65451.078,33304.161,82173.7862,135711.48249999998,50916.1708
162640.21399999998,130615.7974,132573.5048,83614.70259999999,62783.7056,63086.859,43768.107899999995,65451.078,33304.161,82173.7862,135711.48249999998,50916.1708
162640.21399999998,130615.7974,132573.5048,83614.70259999999,62783.7056,63086.859,43768.107899999995,65451.078,33304.161,82173.7862,135711.48249999998,50916.1708
162640.21399999998,130615.7974,132573.5048,83614.70259999999,62783.7056,63086.859,43768.107899999995,65451.078,33304.161,82173.7862,135711.48249999998,50916.1708
162640.21399999998,130615.7974,132573.5048,83614.70259999999,62783.7056,63086.859,43768.107899999995,65451.078,33304.161,82173.7862,135711.48249999998,50916.1708
162640.21399999998,130615.7974,132573.5048,83614.70259999999,62783.7056,63086.859,43768.107899999995,65451.078,33304.161,82173.7862,135711.48249999998,50916.1708
162640.21399999998,130615.7974,132573.5048,83614.70259999999,62783.7056,63086.859,43768.107899999995,65451.078,33304.161,82173.7862,135711.48249999998,50916.1708
175209.7061,141561.167,143763.1613,91928.0802,70823.6595,69511.9227,49877.9666,72125.9462,37892.7835,91688.7301,146246.4927,58030.837700000004
175209.7061,141561.167,143763.1613,91928.0802,70823.6595,69511.9227,49877.9666,72125.9462,37892.7835,91688.7301,146246.4927,58030.837700000004
175209.7061,141561.167,143763.1613,91928.0802,70823.6595,69511.9227,49877.9666,72125.9462,37892.7835,91688.7301,146246.4927,58030.837700000004
175209.7061,141561.167,143763.1613,91928.0802,70823.6595,69511.9227,49877.9666,72125.9462,37892.7835,91688.7301,146246.4927,58030.837700000004
175209.7061,141561.167,143763.1613,91928.0802,70823.6595,69511.9227,49877.9666,72125.9462,37892.7835,91688.7301,146246.4927,58030.837700000004
175209.7061,141561.167,143763.1613,91928.0802,70823.6595,69511.9227,49877.9666,72125.9462,37892.7835,91688.7301,146246.4927,58030.837700000004
175209.7061,141561.167,143763.1613,91928.0802,70823.6595,69511.9227,49877.9666,72125.9462,37892.7835,91688.7301,146246.4927,58030.837700000004
175209.7061,141561.167,143763.1613,91928.0802,70823.6595,69511.9227,49877.9666,72125.9462,37892.7835,91688.7301,146246.4927,58030.837700000004
175209.7061,141561.167,143763.1613,91928.0802,70823.6595,69511.9227,49877.9666,72125.9462,37892.7835,91688.7301,146246.4927,58030.837700000004
175209.7061,141561.167,143763.1613,91928.0802,70823.6595,69511.9227,49877.9666,72125.9462,37892.7835,91688.7301,146246.4927,58030.837700000004
187346.3207,152220.7104,154654.8432,100214.499,79076.7307,75952.81319999999,56221.1254,78767.0312,42641.59789999999,101317.2325,156423.6817,65464.63
187346.3207,152220.7104,154654.8432,100214.499,79076.7307,75952.81319999999,56221.1254,78767.0312,42641.59789999999,101317.2325,156423.6817,65464.63
187346.3207,152220.7104,154654.8432,100214.499,79076.7307,75952.81319999999,56221.1254,78767.0312,42641.59789999999,101317.2325,156423.6817,65464.63
187346.3207,152220.7104,154654.8432,100214.499,79076.7307,75952.81319999999,56221.1254,78767.0312,42641.59789999999,101317.2325,156423.6817,65464.63
187346.3207,152220.7104,154654.8432,100214.499,79076.7307,75952.81319999999,56221.1254,78767.0312,42641.59789999999,101317.2325,156423.6817,65464.63
187346.3207,152220.7104,154654.8432,100214.499,79076.7307,75952.81319999999,56221.1254,78767.0312,42641.59789999999,101317.2325,156423.6817,65464.63
187346.3207,152220.7104,154654.8432,100214.499,79076.7307,75952.81319999999,56221.1254,78767.0312,42641.59789999999,101317.2325,156423.6817,65464.63
187346.3207,152220.7104,154654.8432,100214.499,79076.7307,75952.81319999999,56221.1254,78767.0312,42641.59789999999,101317.2325,156423.6817,65464.63
187346.3207,152220.7104,154654.8432,100214.499,79076.7307,75952.81319999999,56221.1254,78767.0312,42641.59789999999,101317.2325,156423.6817,65464.63
187346.3207,152220.7104,154654.8432,100214.499,79076.7307,75952.81319999999,56221.1254,78767.0312,42641.59789999999,101317.2325,156423.6817,65464.63
199258.6739,162692.7159,165396.715,108526.75129999999,87532.91249999999,82332.272,62763.4018,85402.8164,47507.7702,111076.2576,166350.29179999998,73132.0491
199258.6739,162692.7159,165396.715,108526.75129999999,87532.91249999999,82332.272,62763.4018,85402.8164,47507.7702,111076.2576,166350.29179999998,73132.0491
199258.6739,162692.7159,165396.715,108526.75129999999,87532.91249999999,82332.272,62763.4018,85402.8164,47507.7702,111076.2576,166350.29179999998,73132.0491
199258.6739,162692.7159,165396.715,108526.75129999999,87532.91249999999,82332.272,62763.4018,85402.8164,47507.7702,111076.2576,166350.29179999998,73132.0491
199258.6739,162692.7159,165396.715,108526.75129999999,87532.91249999999,82332.272,62763.4018,85402.8164,47507.7702,111076.2576,166350.29179999998,73132.0491
199258.6739,162692.7159,165396.715,108526.75129999999,87532.91249999999,82332.272,62763.4018,85402.8164,47507.7702,111076.2576,166350.29179999998,73132.0491
199258.6739,162692.7159,165396.715,108526.75129999999,87532.91249999999,82332.272,62763.4018,85402.8164,47507.7702,111076.2576,166350.29179999998,73132.0491
199258.6739,162692.7159,165396.715,108526.75129999999,87532.91249999999,82332.272,62763.4018,85402.8164,47507.7702,111076.2576,166350.29179999998,73132.0491
199258.6739,162692.7159,165396.715,108526.75129999999,87532.91249999999,82332.272,62763.4018,85402.8164,47507.7702,111076.2576,166350.29179999998,73132.0491
199258.6739,162692.7159,165396.715,108526.75129999999,87532.91249999999,82332.272,62763.4018,85402.8164,47507.7702,111076.2576,166350.29179999998,73132.0491
211061.11070000002,173024.7244,176068.915,116889.03709999999,96172.8933,88584.5477,69468.5684,92042.6188,52450.789600000004,120963.095,176079.2121,80951.63779999998
211061.11070000002,173024.7244,176068.915,116889.03709999999,96172.8933,88584.5477,69468.5684,92042.6188,52450.789600000004,120963.095,176079.2121,80951.63779999998
211061.11070000002,173024.7244,176068.915,116889.03709999999,96172.8933,88584.5477,69468.5684,92042.6188,52450.789600000004,120963.095,176079.2121,80951.63779999998
211061.11070000002,173024.7244,176068.915,116889.03709999999,96172.8933,88584.5477,69468.5684,92042.6188,52450.789600000004,120963.095,176079.2121,80951.63779999998
211061.11070000002,173024.7244,176068.915,116889.03709999999,96172.8933,88584.5477,69468.5684,92042.6188,52450.789600000004,120963.095,176079.2121,80951.63779999998
211061.11070000002,173024.7244,176068.915,116889.03709999999,96172.8933,88584.5477,69468.5684,92042.6188,52450.789600000004,120963.095,176079.2121,80951.63779999998
211061.11070000002,173024.7244,176068.915,116889.03709999999,96172.8933,88584.5477,69468.5684,92042.6188,52450.789600000004,120963.095,176079.2121,80951.63779999998
211061.11070000002,173024.7244,176068.915,116889.03709999999,96172.8933,88584.5477,69468.5684,92042.6188,52450.789600000004,120963.095,176079.2121,80951.63779999998
211061.11070000002,173024.7244,176068.915,116889.03709999999,96172.8933,88584.5477,69468.5684,92042.6188,52450.789600000004,120963.095,176079.2121,80951.63779999998
211061.11070000002,173024.7244,176068.915,116889.03709999999,96172.8933,88584.5477,69468.5684,92042.6188,52450.789600000004,120963.095,176079.2121,80951.63779999998
222816.18809999997,183237.43899999998,186714.7612,125310.66129999999,104973.87670000001,94653.2906,76300.785,98686.26899999999,57433.3276,130965.7899,185634.4127,88845.2301
222816.18809999997,183237.43899999998,186714.7612,125310.66129999999,104973.87670000001,94653.2906,76300.785,98686.26899999999,57433.3276,130965.7899,185634.4127,88845.2301
222816.18809999997,183237.43899999998,186714.7612,125310.66129999999,104973.87670000001,94653.2906,76300.785,98686.26899999999,57433.3276,130965.7899,185634.4127,88845.2301
222816.18809999997,183237.43899999998,186714.7612,125310.66129999999,104973.87670000001,94653.2906,76300.785,98686.26899999999,57433.3276,130965.7899,185634.4127,88845.2301
222816.18809999997,183237.43899999998,186714.7612,125310.66129999999,104973.87670000001,94653.2906,76300.785,98686.26899999999,57433.3276,130965.7899,185634.4127,88845.2301
222816.18809999997,183237.43899999998,186714.7612,125310.66129999999,104973.87670000001,94653.2906,76300.785,98686.26899999999,57433.3276,130965.7899,185634.4127,88845.2301
222816.18809999997,183237.43899999998,186714.7612,125310.66129999999,104973.87670000001,94653.2906,76300.785,98686.26899999999,57433.3276,130965.7899,185634.4127,88845.2301
222816.18809999997,183237.43899999998,186714.7612,125310.66129999999,104973.87670000001,94653.2906,76300.785,98686.26899999999,57433.3276,130965.7899,185634.4127,88845.2301
222816.18809999997,183237.43899999998,186714.7612,125310.66129999999,104973.87670000001,94653.2906,76300.785,98686.26899999999,57433.3276,130965.7899,185634.4127,88845.2301
222816.18809999997,183237.43899999998,186714.7612,125310.66129999999,104973.87670000001,94653.2906,76300.785,98686.26899999999,57433.3276,130965.7899,185634.4127,88845.2301
234558.5121,193338.24070000002,197358.34470000002,133794.0197,113913.2236,100490.2822,83226.1232,105329.62879999999,62421.90349999999,141069.1689,195025.1259,96737.69709999999
234558.5121,193338.24070000002,197358.34470000002,133794.0197,113913.2236,100490.2822,83226.1232,105329.62879999999,62421.90349999999,141069.1689,195025.1259,96737.69709999999
234558.5121,193338.24070000002,197358.34470000002,133794.0197,113913.2236,100490.2822,83226.1232,105329.62879999999,62421.90349999999,141069.1689,195025.1259,96737.69709999999
234558.5121,193338.24070000002,197358.34470000002,133794.0197,113913.2236,100490.2822,83226.1232,105329.62879999999,62421.90349999999,141069.1689,195025.1259,96737.69709999999
234558.5121,193338.24070000002,197358.34470000002,133794.0197,113913.2236,100490.2822,83226.1232,105329.62879999999,62421.90349999999,141069.1689,195025.1259,96737.69709999999
234558.5121,193338.24070000002,197358.34470000002,133794.0197,113913.2236,100490.2822,83226.1232,105329.62879999999,62421.90349999999,141069.1689,195025.1259,96737.69709999999
234558.5121,193338.24070000002,197358.34470000002,133794.0197,113913.2236,100490.2822,83226.1232,105329.62879999999,62421.90349999999,141069.1689,195025.1259,96737.69709999999
234558.5121,193338.24070000002,197358.34470000002,133794.0197,113913.2236,100490.2822,83226.1232,105329.62879999999,62421.90349999999,141069.1689,195025.1259,96737.69709999999
234558.5121,193338.24070000002,197358.34470000002,133794.0197,113913.2236,100490.2822,83226.1232,105329.62879999999,62421.90349999999,141069.1689,195025.1259,96737.69709999999
234558.5121,193338.24070000002,197358.34470000002,133794.0197,113913.2236,100490.2822,83226.1232,105329.62879999999,62421.90349999999,141069.1689,195025.1259,96737.69709999999
246308.0235,203328.70249999998,208014.41539999997,142338.9187,122970.485,106054.5156,90213.6312,111967.77350000001,67387.2353,151258.3853,204253.8322,104556.947
246308.0235,203328.70249999998,208014.41539999997,142338.9187,122970.485,106054.5156,90213.6312,111967.77350000001,67387.2353,151258.3853,204253.8322,104556.947
246308.0235,203328.70249999998,208014.41539999997,142338.9187,122970.485,106054.5156,90213.6312,111967.77350000001,67387.2353,151258.3853,204253.8322,104556.947
246308.0235,203328.70249999998,208014.41539999997,142338.9187,122970.485,106054.5156,90213.6312,111967.77350000001,67387.2353,151258.3853,204253.8322,104556.947
246308.0235,203328.70249999998,208014.41539999997,142338.9187,122970.485,106054.5156,90213.6312,111967.77350000001,67387.2353,151258.3853,204253.8322,104556.947
246308.0235,203328.70249999998,208014.41539999997,142338.9187,122970.485,106054.5156,90213.6312,111967.77350000001,67387.2353,151258.3853,204253.8322,104556.947
246308.0235,203328.70249999998,208014.41539999997,142338.9187,122970.485,106054.5156,90213.6312,111967.77350000001,67387.2353,151258.3853,204253.8322,104556.947
246308.0235,203328.70249999998,208014.41539999997,142338.9187,122970.485,106054.5156,90213.6312,111967.77350000001,67387.2353,151258.3853,204253.8322,104556.947
246308.0235,203328.70249999998,208014.41539999997,142338.9187,122970.485,106054.5156,90213.6312,111967.77350000001,67387.2353,151258.3853,204253.8322,104556.947
246308.0235,203328.70249999998,208014.41539999997,142338.9187,122970.485,106054.5156,90213.6312,111967.77350000001,67387.2353,151258.3853,204253.8322,104556.947
258172.1703,213147.9614,218656.6316,151016.6273,132022.4466,111224.6883,96999.9767,118328.4289,72123.9981,161198.16019999998,213294.02049999998,111976.7638
258172.1703,213147.9614,218656.6316,151016.6273,132022.4466,111224.6883,96999.9767,118328.4289,72123.9981,161198.16019999998,213294.02049999998,111976.7638
258172.1703,213147.9614,218656.6316,151016.6273,132022.4466,111224.6883,96999.9767,118328.4289,72123.9981,161198.16019999998,213294.02049999998,111976.7638
258172.1703,213147.9614,218656.6316,151016.6273,132022.4466,111224.6883,96999.9767,118328.4289,72123.9981,161198.16019999998,213294.02049999998,111976.7638
258172.1703,213147.9614,218656.6316,151016.6273,132022.4466,111224.6883,96999.9767,118328.4289,72123.9981,161198.16019999998,213294.02049999998,111976.7638
258172.1703,213147.9614,218656.6316,151016.6273,132022.4466,111224.6883,96999.9767,118328.4289,72123.9981,161198.16019999998,213294.02049999998,111976.7638
258172.1703,213147.9614,218656.6316,151016.6273,132022.4466,111224.6883,96999.9767,118328.4289,72123.9981,161198.16019999998,213294.02049999998,111976.7638
258172.1703,213147.9614,218656.6316,151016.6273,132022.4466,111224.6883,96999.9767,118328.4289,72123.9981,161198.16019999998,213294.02049999998,111976.7638
258172.1703,213147.9614,218656.6316,151016.6273,132022.4466,111224.6883,96999.9767,118328.4289,72123.9981,161198.16019999998,213294.02049999998,111976.7638
258172.1703,213147.9614,218656.6316,151016.6273,132022.4466,111224.6883,96999.9767,118328.4289,72123.9981,161198.16019999998,213294.02049999998,111976.7638
270124.8891,222814.15529999998,229305.3939,159803.5747,141086.4477,115993.9154,103628.3325,124494.1049,76658.7151,170978.25139999998,222152.0796,119002.1811
270124.8891,222814.15529999998,229305.3939,159803.5747,141086.4477,115993.9154,103628.3325,124494.1049,76658.7151,170978.25139999998,222152.0796,119002.1811
270124.8891,222814.15529999998,229305.3939,159803.5747,141086.4477,115993.9154,103628.3325,124494.1049,76658.7151,170978.25139999998,222152.0796,119002.1811
270124.8891,222814.15529999998,229305.3939,159803.5747,141086.4477,115993.9154,103628.3325,124494.1049,76658.7151,170978.25139999998,222152.0796,119002.1811
270124.8891,222814.15529999998,229305.3939,159803.5747,141086.4477,115993.9154,103628.3325,124494.1049,76658.7151,170978.25139999998,222152.0796,119002.1811
270124.8891,222814.15529999998,229305.3939,159803.5747,141086.4477,115993.9154,103628.3325,124494.1049,76658.7151,170978.25139999998,222152.0796,119002.1811
270124.8891,222814.15529999998,229305.3939,159803.5747,141086.4477,115993.9154,103628.3325,124494.1049,76658.7151,170978.25139999998,222152.0796,119002.1811
270124.8891,222814.15529999998,229305.3939,159803.5747,141086.4477,115993.9154,103628.3325,124494.1049,76658.7151,170978.25139999998,222152.0796,119002.1811
270124.8891,222814.15529999998,229305.3939,159803.5747,141086.4477,115993.9154,103628.3325,124494.1049,76658.7151,170978.25139999998,222152.0796,119002.1811
270124.8891,222814.15529999998,229305.3939,159803.5747,141086.4477,115993.9154,103628.3325,124494.1049,76658.7151,170978.25139999998,222152.0796,119002.1811
282049.2213,232402.96970000002,240015.842,168607.7525,150290.4458,120442.2142,110384.21019999999,130807.5824,80959.6722,181010.11940000003,230859.0702,125896.8337
282049.2213,232402.96970000002,240015.842,168607.7525,150290.4458,120442.2142,110384.21019999999,130807.5824,80959.6722,181010.11940000003,230859.0702,125896.8337
282049.2213,232402.96970000002,240015.842,168607.7525,150290.4458,120442.2142,110384.21019999999,130807.5824,80959.6722,181010.11940000003,230859.0702,125896.8337
282049.2213,232402.96970000002,240015.842,168607.7525,150290.4458,120442.2142,110384.21019999999,130807.5824,80959.6722,181010.11940000003,230859.0702,125896.8337
282049.2213,232402.96970000002,240015.842,168607.7525,150290.4458,120442.2142,110384.21019999999,130807.5824,80959.6722,181010.11940000003,230859.0702,125896.8337
282049.2213,232402.96970000002,240015.842,168607.7525,150290.4458,120442.2142,110384.21019999999,130807.5824,80959.6722,181010.11940000003,230859.0702,125896.8337
282049.2213,232402.96970000002,240015.842,168607.7525,150290.4458,120442.2142,110384.21019999999,130807.5824,80959.6722,181010.11940000003,230859.0702,125896.8337
282049.2213,232402.96970000002,240015.842,168607.7525,150290.4458,120442.2142,110384.21019999999,130807.5824,80959.6722,181010.11940000003,230859.0702,125896.8337
282049.2213,232402.96970000002,240015.842,168607.7525,150290.4458,120442.2142,110384.21019999999,130807.5824,80959.6722,181010.11940000003,230859.0702,125896.8337
282049.2213,232402.96970000002,240015.842,168607.7525,150290.4458,120442.2142,110384.21019999999,130807.5824,80959.6722,181010.11940000003,230859.0702,125896.8337
293979.6398,241900.70739999998,250788.6777,177452.8646,159600.79080000002,124528.5294,117189.11709999999,137197.6287,85294.4367,191204.13950000002,239409.1964,132531.5662
293979.6398,241900.70739999998,250788.6777,177452.8646,159600.79080000002,124528.5294,117189.11709999999,137197.6287,85294.4367,191204.13950000002,239409.1964,132531.5662
293979.6398,241900.70739999998,250788.6777,177452.8646,159600.79080000002,124528.5294,117189.11709999999,137197.6287,85294.4367,191204.13950000002,239409.1964,132531.5662
293979.6398,241900.70739999998,250788.6777,177452.8646,159600.79080000002,124528.5294,117189.11709999999,137197.6287,85294.4367,191204.13950000002,239409.1964,132531.5662
293979.6398,241900.70739999998,250788.6777,177452.8646,159600.79080000002,124528.5294,117189.11709999999,137197.6287,85294.4367,191204.13950000002,239409.1964,132531.5662
293979.6398,241900.70739999998,250788.6777,177452.8646,159600.79080000002,124528.5294,117189.11709999999,137197.6287,85294.4367,191204.13950000002,239409.1964,132531.5662
293979.6398,241900.70739999998,250788.6777,177452.8646,159600.79080000002,124528.5294,117189.11709999999,137197.6287,85294.4367,191204.13950000002,239409.1964,132531.5662
293979.6398,241900.70739999998,250788.6777,177452.8646,159600.79080000002,124528.5294,117189.11709999999,137197.6287,85294.4367,191204.13950000002,239409.1964,132531.5662
293979.6398,241900.70739999998,250788.6777,177452.8646,159600.79080000002,124528.5294,117189.11709999999,137197.6287,85294.4367,191204.13950000002,239409.1964,132531.5662
293979.6398,241900.70739999998,250788.6777,177452.8646,159600.79080000002,124528.5294,117189.11709999999,137197.6287,85294.4367,191204.13950000002,239409.1964,132531.5662
305942.208,251305.79539999997,261633.8472,186357.182,169001.18399999998,128225.636,123995.87529999999,143628.08899999998,89590.33600000001,201513.5452,247804.29739999998,138809.0341
305942.208,251305.79539999997,261633.8472,186357.182,169001.18399999998,128225.636,123995.87529999999,143628.08899999998,89590.33600000001,201513.5452,247804.29739999998,138809.0341
305942.208,251305.79539999997,261633.8472,186357.182,169001.18399999998,128225.636,123995.87529999999,143628.08899999998,89590.33600000001,201513.5452,247804.29739999998,138809.0341
305942.208,251305.79539999997,261633.8472,186357.182,169001.18399999998,128225.636,123995.87529999999,143628.08899999998,89590.33600000001,201513.5452,247804.29739999998,138809.0341
305942.208,251305.79539999997,261633.8472,186357.182,169001.18399999998,128225.636,123995.87529999999,143628.08899999998,89590.33600000001,201513.5452,247804.29739999998,138809.0341
305942.208,251305.79539999997,261633.8472,186357.182,169001.18399999998,128225.636,123995.87529999999,143628.08899999998,89590.33600000001,201513.5452,247804.29739999998,138809.0341
305942.208,251305.79539999997,261633.8472,186357.182,169001.18399999998,128225.636,123995.87529999999,143628.08899999998,89590.33600000001,201513.5452,247804.29739999998,138809.0341
305942.208,251305.79539999997,261633.8472,186357.182,169001.18399999998,128225.636,123995.87529999999,143628.08899999998,89590.33600000001,201513.5452,247804.29739999998,138809.0341
305942.208,251305.79539999997,261633.8472,186357.182,169001.18399999998,128225.636,123995.87529999999,143628.08899999998,89590.33600000001,201513.5452,247804.29739999998,138809.0341
305942.208,251305.79539999997,261633.8472,186357.182,169001.18399999998,128225.636,123995.87529999999,143628.08899999998,89590.33600000001,201513.5452,247804.29739999998,138809.0341
317978.562,260644.7327,272587.50529999996,195345.0136,178496.2476,131526.2377,130789.33559999999,150096.4465,93816.2852,211930.4473,256070.77539999998,144665.96649999998
317978.562,260644.7327,272587.50529999996,195345.0136,178496.2476,131526.2377,130789.33559999999,150096.4465,93816.2852,211930.4473,256070.77539999998,144665.96649999998
317978.562,260644.7327,272587.50529999996,195345.0136,178496.2476,131526.2377,130789.33559999999,150096.4465,93816.2852,211930.4473,256070.77539999998,144665.96649999998
317978.562,260644.7327,272587.50529999996,195345.0136,178496.2476,131526.2377,130789.33559999999,150096.4465,93816.2852,211930.4473,256070.77539999998,144665.96649999998
317978.562,260644.7327,272587.50529999996,195345.0136,178496.2476,131526.2377,130789.33559999999,150096.4465,93816.2852,211930.4473,256070.77539999998,144665.96649999998
317978.562,260644.7327,272587.50529999996,195345.0136,178496.2476,131526.2377,130789.33559999999,150096.4465,93816.2852,211930.4473,256070.77539999998,144665.96649999998
317978.562,260644.7327,272587.50529999996,195345.0136,178496.2476,131526.2377,130789.33559999999,150096.4465,93816.2852,211930.4473,256070.77539999998,144665.96649999998
317978.562,260644.7327,272587.50529999996,195345.0136,178496.2476,131526.2377,130789.33559999999,150096.4465,93816.2852,211930.4473,256070.77539999998,144665.96649999998
317978.562,260644.7327,272587.50529999996,195345.0136,178496.2476,131526.2377,130789.33559999999,150096.4465,93816.2852,211930.4473,256070.77539999998,144665.96649999998
317978.562,260644.7327,272587.50529999996,195345.0136,178496.2476,131526.2377,130789.33559999999,150096.4465,93816.2852,211930.4473,256070.77539999998,144665.96649999998
330214.43289999996,270016.4731,283739.3493,204437.9942,188159.63429999998,134470.7001,137631.2201,156642.5102,98058.64199999999,222472.92320000002,264300.4089,150067.346
330214.43289999996,270016.4731,283739.3493,204437.9942,188159.63429999998,134470.7001,137631.2201,156642.5102,98058.64199999999,222472.92320000002,264300.4089,150067.346
330214.43289999996,270016.4731,283739.3493,204437.9942,188159.63429999998,134470.7001,137631.2201,156642.5102,98058.64199999999,222472.92320000002,264300.4089,150067.346
330214.43289999996,270016.4731,283739.3493,204437.9942,188159.63429999998,134470.7001,137631.2201,156642.5102,98058.64199999999,222472.92320000002,264300.4089,150067.346
330214.43289999996,270016.4731,283739.3493,204437.9942,188159.63429999998,134470.7001,137631.2201,156642.5102,98058.64199999999,222472.92320000002,264300.4089,150067.346
330214.43289999996,270016.4731,283739.3493,204437.9942,188159.63429999998,134470.7001,137631.2201,156642.5102,98058.64199999999,222472.92320000002,264300.4089,150067.346
330214.43289999996,270016.4731,283739.3493,204437.9942,188159.63429999998,134470.7001,137631.2201,156642.5102,98058.64199999999,222472.92320000002,264300.4089,150067.346
330214.43289999996,270016.4731,283739.3493,204437.9942,188159.63429999998,134470.7001,137631.2201,156642.5102,98058.64199999999,222472.92320000002,264300.4089,150067.346
330214.43289999996,270016.4731,283739.3493,204437.9942,188159.63429999998,134470.7001,137631.2201,156642.5102,98058.64199999999,222472.92320000002,264300.4089,150067.346
330214.43289999996,270016.4731,283739.3493,204437.9942,188159.63429999998,134470.7001,137631.2201,156642.5102,98058.64199999999,222472.92320000002,264300.4089,150067.346
343403.0699,280192.6699,295912.0582,214131.37679999997,198352.40809999997,137437.9952,144956.5117,163791.21440000003,102594.3875,233736.6196,273267.489,155580.4932
343403.0699,280192.6699,295912.0582,214131.37679999997,198352.40809999997,137437.9952,144956.5117,163791.21440000003,102594.3875,233736.6196,273267.489,155580.4932
343403.0699,280192.6699,295912.0582,214131.37679999997,198352.40809999997,137437.9952,144956.5117,163791.21440000003,102594.3875,233736.6196,273267.489,155580.4932
343403.0699,280192.6699,295912.0582,214131.37679999997,198352.40809999997,137437.9952,144956.5117,163791.21440000003,102594.3875,233736.6196,273267.489,155580.4932
343403.0699,280192.6699,295912.0582,214131.37679999997,198352.40809999997,137437.9952,144956.5117,163791.21440000003,102594.3875,233736.6196,273267.489,155580.4932
343403.0699,280192.6699,295912.0582,214131.37679999997,198352.40809999997,137437.9952,144956.5117,163791.21440000003,102594.3875,233736.6196,273267.489,155580.4932
343403.0699,280192.6699,295912.0582,214131.37679999997,198352.40809999997,137437.9952,144956.5117,163791.21440000003,102594.3875,233736.6196,273267.489,155580.4932
343403.0699,280192.6699,295912.0582,214131.37679999997,198352.40809999997,137437.9952,144956.5117,163791.21440000003,102594.3875,233736.6196,273267.489,155580.4932
343403.0699,280192.6699,295912.0582,214131.37679999997,198352.40809999997,137437.9952,144956.5117,163791.21440000003,102594.3875,233736.6196,273267.489,155580.4932
343403.0699,280192.6699,295912.0582,214131.37679999997,198352.40809999997,137437.9952,144956.5117,163791.21440000003,102594.3875,233736.6196,273267.489,155580.4932
357212.3159,290840.99659999995,308736.6667,224199.1334,208927.796,140291.5624,152573.37699999998,171303.03960000002,107318.2275,245446.8302,282637.2813,160911.0877
357212.3159,290840.99659999995,308736.6667,224199.1334,208927.796,140291.5624,152573.37699999998,171303.03960000002,107318.2275,245446.8302,282637.2813,160911.0877
357212.3159,290840.99659999995,308736.6667,224199.1334,208927.796,140291.5624,152573.37699999998,171303.03960000002,107318.2275,245446.8302,282637.2813,160911.0877
357212.3159,290840.99659999995,308736.6667,224199.1334,208927.796,140291.5624,152573.37699999998,171303.03960000002,107318.2275,245446.8302,282637.2813,160911.0877
357212.3159,290840.99659999995,308736.6667,224199.1334,208927.796,140291.5624,152573.37699999998,171303.03960000002,107318.2275,245446.8302,282637.2813,160911.0877
357212.3159,290840.99659999995,308736.6667,224199.1334,208927.796,140291.5624,152573.37699999998,171303.03960000002,107318.2275,245446.8302,282637.2813,160911.0877
357212.3159,290840.99659999995,308736.6667,224199.1334,208927.796,140291.5624,152573.37699999998,171303.03960000002,107318.2275,245446.8302,282637.2813,160911.0877
357212.3159,290840.99659999995,308736.6667,224199.1334,208927.796,140291.5624,152573.37699999998,171303.03960000002,107318.2275,245446.8302,282637.2813,160911.0877
357212.3159,290840.99659999995,308736.6667,224199.1334,208927.796,140291.5624,152573.37699999998,171303.03960000002,107318.2275,245446.8302,282637.2813,160911.0877
357212.3159,290840.99659999995,308736.6667,224199.1334,208927.796,140291.5624,152573.37699999998,171303.03960000002,107318.2275,245446.8302,282637.2813,160911.0877
371548.16599999997,301874.1759,322120.5493,234599.3859,219841.14899999998,143006.1248,160419.1501,179118.72,112180.00749999999,257541.8692,292325.24309999996,165980.3948
371548.16599999997,301874.1759,322120.5493,234599.3859,219841.14899999998,143006.1248,160419.1501,179118.72,112180.00749999999,257541.8692,292325.24309999996,165980.3948
371548.16599999997,301874.1759,322120.5493,234599.3859,219841.14899999998,143006.1248,160419.1501,179118.72,112180.00749999999,257541.8692,292325.24309999996,165980.3948
371548.16599999997,301874.1759,322120.5493,234599.3859,219841.14899999998,143006.1248,160419.1501,179118.72,112180.00749999999,257541.8692,292325.24309999996,165980.3948
371548.16599999997,301874.1759,322120.5493,234599.3859,219841.14899999998,143006.1248,160419.1501,179118.72,112180.00749999999,257541.8692,292325.24309999996,165980.3948
