325.8643764,511.8472213,126.110785,137.9637246,157.7308777,1387.750221,1252.943578,499.3165384,946.293636,617.2466678,138.9149348,1081.013068
325.8643764,511.8472213,126.110785,137.9637246,157.7308777,1387.750221,1252.943578,499.3165384,946.293636,617.2466678,138.9149348,1081.013068
325.8643764,511.8472213,126.110785,137.9637246,157.7308777,1387.750221,1252.943578,499.3165384,946.293636,617.2466678,138.9149348,1081.013068
325.8643764,511.8472213,126.110785,137.9637246,157.7308777,1387.750221,1252.943578,499.3165384,946.293636,617.2466678,138.9149348,1081.013068
325.8643764,511.8472213,126.110785,137.9637246,157.7308777,1387.750221,1252.943578,499.3165384,946.293636,617.2466678,138.9149348,1081.013068
325.8643764,511.8472213,126.110785,137.9637246,157.7308777,1387.750221,1252.943578,499.3165384,946.293636,617.2466678,138.9149348,1081.013068
325.8643764,511.8472213,126.110785,137.9637246,157.7308777,1387.750221,1252.943578,499.3165384,946.293636,617.2466678,138.9149348,1081.013068
325.8643764,511.8472213,126.110785,137.9637246,157.7308777,1387.750221,1252.943578,499.3165384,946.293636,617.2466678,138.9149348,1081.013068
325.8643764,511.8472213,126.110785,137.9637246,157.7308777,1387.750221,1252.943578,499.3165384,946.293636,617.2466678,138.9149348,1081.013068
325.8643764,511.8472213,126.110785,137.9637246,157.7308777,1387.750221,1252.943578,499.3165384,946.293636,617.2466678,138.9149348,1081.013068
351.756152,524.060209,121.1000792,132.3265122,159.2286109,1444.554617,1385.654571,582.4552625,1137.699109,668.2079023,146.5314858,1214.655754
351.756152,524.060209,121.1000792,132.3265122,159.2286109,1444.554617,1385.654571,582.4552625,1137.699109,668.2079023,146.5314858,1214.655754
351.756152,524.060209,121.1000792,132.3265122,159.2286109,1444.554617,1385.654571,582.4552625,1137.699109,668.2079023,146.5314858,1214.655754
351.756152,524.060209,121.1000792,132.3265122,159.2286109,1444.554617,1385.654571,582.4552625,1137.699109,668.2079023,146.5314858,1214.655754
351.756152,524.060209,121.1000792,132.3265122,159.2286109,1444.554617,1385.654571,582.4552625,1137.699109,668.2079023,146.5314858,1214.655754
351.756152,524.060209,121.1000792,132.3265122,159.2286109,1444.554617,1385.654571,582.4552625,1137.699109,668.2079023,146.5314858,1214.655754
351.756152,524.060209,121.1000792,132.3265122,159.2286109,1444.554617,1385.654571,582.4552625,1137.699109,668.2079023,146.5314858,1214.655754
351.756152,524.060209,121.1000792,132.3265122,159.2286109,1444.554617,1385.654571,582.4552625,1137.699109,668.2079023,146.5314858,1214.655754
351.756152,524.060209,121.1000792,132.3265122,159.2286109,1444.554617,1385.654571,582.4552625,1137.699109,668.2079023,146.5314858,1214.655754
351.756152,524.060209,121.1000792,132.3265122,159.2286109,1444.554617,1385.654571,582.4552625,1137.699109,668.2079023,146.5314858,1214.655754
372.6108841,529.149642,114.0221313,125.3694842,157.787112,1453.711197,1479.182517,655.97279,1325.572811,704.7691549,151.2232188,1328.204382
372.6108841,529.149642,114.0221313,125.3694842,157.787112,1453.711197,1479.182517,655.97279,1325.572811,704.7691549,151.2232188,1328.204382
372.6108841,529.149642,114.0221313,125.3694842,157.787112,1453.711197,1479.182517,655.97279,1325.572811,704.7691549,151.2232188,1328.204382
372.6108841,529.149642,114.0221313,125.3694842,157.787112,1453.711197,1479.182517,655.97279,1325.572811,704.7691549,151.2232188,1328.204382
372.6108841,529.149642,114.0221313,125.3694842,157.787112,1453.711197,1479.182517,655.97279,1325.572811,704.7691549,151.2232188,1328.204382
372.6108841,529.149642,114.0221313,125.3694842,157.787112,1453.711197,1479.182517,655.97279,1325.572811,704.7691549,151.2232188,1328.204382
372.6108841,529.149642,114.0221313,125.3694842,157.787112,1453.711197,1479.182517,655.97279,1325.572811,704.7691549,151.2232188,1328.204382
372.6108841,529.149642,114.0221313,125.3694842,157.787112,1453.711197,1479.182517,655.97279,1325.572811,704.7691549,151.2232188,1328.204382
372.6108841,529.149642,114.0221313,125.3694842,157.787112,1453.711197,1479.182517,655.97279,1325.572811,704.7691549,151.2232188,1328.204382
372.6108841,529.149642,114.0221313,125.3694842,157.787112,1453.711197,1479.182517,655.97279,1325.572811,704.7691549,151.2232188,1328.204382
389.0518333,529.1441369,106.0088115,119.0813627,154.9373794,1431.779543,1543.052829,718.7904921,1503.174856,724.3436622,152.6260626,1416.592682
389.0518333,529.1441369,106.0088115,119.0813627,154.9373794,1431.779543,1543.052829,718.7904921,1503.174856,724.3436622,152.6260626,1416.592682
389.0518333,529.1441369,106.0088115,119.0813627,154.9373794,1431.779543,1543.052829,718.7904921,1503.174856,724.3436622,152.6260626,1416.592682
389.0518333,529.1441369,106.0088115,119.0813627,154.9373794,1431.779543,1543.052829,718.7904921,1503.174856,724.3436622,152.6260626,1416.592682
389.0518333,529.1441369,106.0088115,119.0813627,154.9373794,1431.779543,1543.052829,718.7904921,1503.174856,724.3436622,152.6260626,1416.592682
389.0518333,529.1441369,106.0088115,119.0813627,154.9373794,1431.779543,1543.052829,718.7904921,1503.174856,724.3436622,152.6260626,1416.592682
389.0518333,529.1441369,106.0088115,119.0813627,154.9373794,1431.779543,1543.052829,718.7904921,1503.174856,724.3436622,152.6260626,1416.592682
389.0518333,529.1441369,106.0088115,119.0813627,154.9373794,1431.779543,1543.052829,718.7904921,1503.174856,724.3436622,152.6260626,1416.592682
389.0518333,529.1441369,106.0088115,119.0813627,154.9373794,1431.779543,1543.052829,718.7904921,1503.174856,724.3436622,152.6260626,1416.592682
389.0518333,529.1441369,106.0088115,119.0813627,154.9373794,1431.779543,1543.052829,718.7904921,1503.174856,724.3436622,152.6260626,1416.592682
398.7520846,521.0026539,99.90524212,113.2894756,150.4172403,1385.44818,1554.744493,757.2263574,1611.441746,724.3749747,150.5900392,1455.148902
398.7520846,521.0026539,99.90524212,113.2894756,150.4172403,1385.44818,1554.744493,757.2263574,1611.441746,724.3749747,150.5900392,1455.148902
398.7520846,521.0026539,99.90524212,113.2894756,150.4172403,1385.44818,1554.744493,757.2263574,1611.441746,724.3749747,150.5900392,1455.148902
398.7520846,521.0026539,99.90524212,113.2894756,150.4172403,1385.44818,1554.744493,757.2263574,1611.441746,724.3749747,150.5900392,1455.148902
398.7520846,521.0026539,99.90524212,113.2894756,150.4172403,1385.44818,1554.744493,757.2263574,1611.441746,724.3749747,150.5900392,1455.148902
398.7520846,521.0026539,99.90524212,113.2894756,150.4172403,1385.44818,1554.744493,757.2263574,1611.441746,724.3749747,150.5900392,1455.148902
398.7520846,521.0026539,99.90524212,113.2894756,150.4172403,1385.44818,1554.744493,757.2263574,1611.441746,724.3749747,150.5900392,1455.148902
398.7520846,521.0026539,99.90524212,113.2894756,150.4172403,1385.44818,1554.744493,757.2263574,1611.441746,724.3749747,150.5900392,1455.148902
398.7520846,521.0026539,99.90524212,113.2894756,150.4172403,1385.44818,1554.744493,757.2263574,1611.441746,724.3749747,150.5900392,1455.148902
398.7520846,521.0026539,99.90524212,113.2894756,150.4172403,1385.44818,1554.744493,757.2263574,1611.441746,724.3749747,150.5900392,1455.148902
404.1540983,508.73902,95.99925091,107.9066103,145.5383186,1340.141196,1539.614711,783.9445891,1668.244935,717.6001109,146.7789363,1466.056277
404.1540983,508.73902,95.99925091,107.9066103,145.5383186,1340.141196,1539.614711,783.9445891,1668.244935,717.6001109,146.7789363,1466.056277
404.1540983,508.73902,95.99925091,107.9066103,145.5383186,1340.141196,1539.614711,783.9445891,1668.244935,717.6001109,146.7789363,1466.056277
404.1540983,508.73902,95.99925091,107.9066103,145.5383186,1340.141196,1539.614711,783.9445891,1668.244935,717.6001109,146.7789363,1466.056277
404.1540983,508.73902,95.99925091,107.9066103,145.5383186,1340.141196,1539.614711,783.9445891,1668.244935,717.6001109,146.7789363,1466.056277
404.1540983,508.73902,95.99925091,107.9066103,145.5383186,1340.141196,1539.614711,783.9445891,1668.244935,717.6001109,146.7789363,1466.056277
404.1540983,508.73902,95.99925091,107.9066103,145.5383186,1340.141196,1539.614711,783.9445891,1668.244935,717.6001109,146.7789363,1466.056277
404.1540983,508.73902,95.99925091,107.9066103,145.5383186,1340.141196,1539.614711,783.9445891,1668.244935,717.6001109,146.7789363,1466.056277
404.1540983,508.73902,95.99925091,107.9066103,145.5383186,1340.141196,1539.614711,783.9445891,1668.244935,717.6001109,146.7789363,1466.056277
404.1540983,508.73902,95.99925091,107.9066103,145.5383186,1340.141196,1539.614711,783.9445891,1668.244935,717.6001109,146.7789363,1466.056277
409.6292946,496.764054,92.24597209,102.7795078,140.8176492,1296.315842,1524.632163,811.6055559,1727.050432,710.8886104,143.0642841,1477.04541
409.6292946,496.764054,92.24597209,102.7795078,140.8176492,1296.315842,1524.632163,811.6055559,1727.050432,710.8886104,143.0642841,1477.04541
409.6292946,496.764054,92.24597209,102.7795078,140.8176492,1296.315842,1524.632163,811.6055559,1727.050432,710.8886104,143.0642841,1477.04541
409.6292946,496.764054,92.24597209,102.7795078,140.8176492,1296.315842,1524.632163,811.6055559,1727.050432,710.8886104,143.0642841,1477.04541
409.6292946,496.764054,92.24597209,102.7795078,140.8176492,1296.315842,1524.632163,811.6055559,1727.050432,710.8886104,143.0642841,1477.04541
409.6292946,496.764054,92.24597209,102.7795078,140.8176492,1296.315842,1524.632163,811.6055559,1727.050432,710.8886104,143.0642841,1477.04541
409.6292946,496.764054,92.24597209,102.7795078,140.8176492,1296.315842,1524.632163,811.6055559,1727.050432,710.8886104,143.0642841,1477.04541
409.6292946,496.764054,92.24597209,102.7795078,140.8176492,1296.315842,1524.632163,811.6055559,1727.050432,710.8886104,143.0642841,1477.04541
409.6292946,496.764054,92.24597209,102.7795078,140.8176492,1296.315842,1524.632163,811.6055559,1727.050432,710.8886104,143.0642841,1477.04541
409.6292946,496.764054,92.24597209,102.7795078,140.8176492,1296.315842,1524.632163,811.6055559,1727.050432,710.8886104,143.0642841,1477.04541
415.1786651,485.070961,88.63943505,97.89601573,136.2500991,1253.923667,1509.795415,840.2425217,1787.928818,704.2398805,139.4436416,1488.116915
415.1786651,485.070961,88.63943505,97.89601573,136.2500991,1253.923667,1509.795415,840.2425217,1787.928818,704.2398805,139.4436416,1488.116915
415.1786651,485.070961,88.63943505,97.89601573,136.2500991,1253.923667,1509.795415,840.2425217,1787.928818,704.2398805,139.4436416,1488.116915
415.1786651,485.070961,88.63943505,97.89601573,136.2500991,1253.923667,1509.795415,840.2425217,1787.928818,704.2398805,139.4436416,1488.116915
415.1786651,485.070961,88.63943505,97.89601573,136.2500991,1253.923667,1509.795415,840.2425217,1787.928818,704.2398805,139.4436416,1488.116915
415.1786651,485.070961,88.63943505,97.89601573,136.2500991,1253.923667,1509.795415,840.2425217,1787.928818,704.2398805,139.4436416,1488.116915
415.1786651,485.070961,88.63943505,97.89601573,136.2500991,1253.923667,1509.795415,840.2425217,1787.928818,704.2398805,139.4436416,1488.116915
415.1786651,485.070961,88.63943505,97.89601573,136.2500991,1253.923667,1509.795415,840.2425217,1787.928818,704.2398805,139.4436416,1488.116915
415.1786651,485.070961,88.63943505,97.89601573,136.2500991,1253.923667,1509.795415,840.2425217,1787.928818,704.2398805,139.4436416,1488.116915
415.1786651,485.070961,88.63943505,97.89601573,136.2500991,1253.923667,1509.795415,840.2425217,1787.928818,704.2398805,139.4436416,1488.116915
420.8032146,473.6531062,85.17390265,93.2445592,131.8307017,1212.917802,1495.10305,869.8899239,1850.953162,697.6533343,135.9146296,1499.271408
420.8032146,473.6531062,85.17390265,93.2445592,131.8307017,1212.917802,1495.10305,869.8899239,1850.953162,697.6533343,135.9146296,1499.271408
420.8032146,473.6531062,85.17390265,93.2445592,131.8307017,1212.917802,1495.10305,869.8899239,1850.953162,697.6533343,135.9146296,1499.271408
420.8032146,473.6531062,85.17390265,93.2445592,131.8307017,1212.917802,1495.10305,869.8899239,1850.953162,697.6533343,135.9146296,1499.271408
420.8032146,473.6531062,85.17390265,93.2445592,131.8307017,1212.917802,1495.10305,869.8899239,1850.953162,697.6533343,135.9146296,1499.271408
420.8032146,473.6531062,85.17390265,93.2445592,131.8307017,1212.917802,1495.10305,869.8899239,1850.953162,697.6533343,135.9146296,1499.271408
420.8032146,473.6531062,85.17390265,93.2445592,131.8307017,1212.917802,1495.10305,869.8899239,1850.953162,697.6533343,135.9146296,1499.271408
420.8032146,473.6531062,85.17390265,93.2445592,131.8307017,1212.917802,1495.10305,869.8899239,1850.953162,697.6533343,135.9146296,1499.271408
420.8032146,473.6531062,85.17390265,93.2445592,131.8307017,1212.917802,1495.10305,869.8899239,1850.953162,697.6533343,135.9146296,1499.271408
420.8032146,473.6531062,85.17390265,93.2445592,131.8307017,1212.917802,1495.10305,869.8899239,1850.953162,697.6533343,135.9146296,1499.271408
425.1811345,469.0760135,83.70357831,91.39787689,129.6751062,1193.883863,1479.541623,880.4961154,1863.100586,691.8392324,134.5346644,1497.104592
425.1811345,469.0760135,83.70357831,91.39787689,129.6751062,1193.883863,1479.541623,880.4961154,1863.100586,691.8392324,134.5346644,1497.104592
425.1811345,469.0760135,83.70357831,91.39787689,129.6751062,1193.883863,1479.541623,880.4961154,1863.100586,691.8392324,134.5346644,1497.104592
425.1811345,469.0760135,83.70357831,91.39787689,129.6751062,1193.883863,1479.541623,880.4961154,1863.100586,691.8392324,134.5346644,1497.104592
425.1811345,469.0760135,83.70357831,91.39787689,129.6751062,1193.883863,1479.541623,880.4961154,1863.100586,691.8392324,134.5346644,1497.104592
425.1811345,469.0760135,83.70357831,91.39787689,129.6751062,1193.883863,1479.541623,880.4961154,1863.100586,691.8392324,134.5346644,1497.104592
425.1811345,469.0760135,83.70357831,91.39787689,129.6751062,1193.883863,1479.541623,880.4961154,1863.100586,691.8392324,134.5346644,1497.104592
425.1811345,469.0760135,83.70357831,91.39787689,129.6751062,1193.883863,1479.541623,880.4961154,1863.100586,691.8392324,134.5346644,1497.104592
425.1811345,469.0760135,83.70357831,91.39787689,129.6751062,1193.883863,1479.541623,880.4961154,1863.100586,691.8392324,134.5346644,1497.104592
425.1811345,469.0760135,83.70357831,91.39787689,129.6751062,1193.883863,1479.541623,880.4961154,1863.100586,691.8392324,134.5346644,1497.104592
428.2721572,471.144129,84.12777669,92.19403833,129.6752137,1195.812902,1463.141344,871.3529134,1823.361768,686.7792276,135.2392325,1481.674151
428.2721572,471.144129,84.12777669,92.19403833,129.6752137,1195.812902,1463.141344,871.3529134,1823.361768,686.7792276,135.2392325,1481.674151
428.2721572,471.144129,84.12777669,92.19403833,129.6752137,1195.812902,1463.141344,871.3529134,1823.361768,686.7792276,135.2392325,1481.674151
428.2721572,471.144129,84.12777669,92.19403833,129.6752137,1195.812902,1463.141344,871.3529134,1823.361768,686.7792276,135.2392325,1481.674151
428.2721572,471.144129,84.12777669,92.19403833,129.6752137,1195.812902,1463.141344,871.3529134,1823.361768,686.7792276,135.2392325,1481.674151
428.2721572,471.144129,84.12777669,92.19403833,129.6752137,1195.812902,1463.141344,871.3529134,1823.361768,686.7792276,135.2392325,1481.674151
428.2721572,471.144129,84.12777669,92.19403833,129.6752137,1195.812902,1463.141344,871.3529134,1823.361768,686.7792276,135.2392325,1481.674151
428.2721572,471.144129,84.12777669,92.19403833,129.6752137,1195.812902,1463.141344,871.3529134,1823.361768,686.7792276,135.2392325,1481.674151
428.2721572,471.144129,84.12777669,92.19403833,129.6752137,1195.812902,1463.141344,871.3529134,1823.361768,686.7792276,135.2392325,1481.674151
428.2721572,471.144129,84.12777669,92.19403833,129.6752137,1195.812902,1463.141344,871.3529134,1823.361768,686.7792276,135.2392325,1481.674151
431.3856514,473.2213628,84.55412485,92.99713509,129.6753213,1197.745059,1446.922857,862.3046557,1784.470555,681.7562308,135.9474904,1466.402749
431.3856514,473.2213628,84.55412485,92.99713509,129.6753213,1197.745059,1446.922857,862.3046557,1784.470555,681.7562308,135.9474904,1466.402749
431.3856514,473.2213628,84.55412485,92.99713509,129.6753213,1197.745059,1446.922857,862.3046557,1784.470555,681.7562308,135.9474904,1466.402749
431.3856514,473.2213628,84.55412485,92.99713509,129.6753213,1197.745059,1446.922857,862.3046557,1784.470555,681.7562308,135.9474904,1466.402749
431.3856514,473.2213628,84.55412485,92.99713509,129.6753213,1197.745059,1446.922857,862.3046557,1784.470555,681.7562308,135.9474904,1466.402749
431.3856514,473.2213628,84.55412485,92.99713509,129.6753213,1197.745059,1446.922857,862.3046557,1784.470555,681.7562308,135.9474904,1466.402749
431.3856514,473.2213628,84.55412485,92.99713509,129.6753213,1197.745059,1446.922857,862.3046557,1784.470555,681.7562308,135.9474904,1466.402749
431.3856514,473.2213628,84.55412485,92.99713509,129.6753213,1197.745059,1446.922857,862.3046557,1784.470555,681.7562308,135.9474904,1466.402749
431.3856514,473.2213628,84.55412485,92.99713509,129.6753213,1197.745059,1446.922857,862.3046557,1784.470555,681.7562308,135.9474904,1466.402749
431.3856514,473.2213628,84.55412485,92.99713509,129.6753213,1197.745059,1446.922857,862.3046557,1784.470555,681.7562308,135.9474904,1466.402749
434.5217803,475.3077548,84.98263368,93.80722757,129.6754288,1199.680337,1430.884148,853.3503565,1746.408868,676.7699715,136.6594576,1451.288746
434.5217803,475.3077548,84.98263368,93.80722757,129.6754288,1199.680337,1430.884148,853.3503565,1746.408868,676.7699715,136.6594576,1451.288746
434.5217803,475.3077548,84.98263368,93.80722757,129.6754288,1199.680337,1430.884148,853.3503565,1746.408868,676.7699715,136.6594576,1451.288746
434.5217803,475.3077548,84.98263368,93.80722757,129.6754288,1199.680337,1430.884148,853.3503565,1746.408868,676.7699715,136.6594576,1451.288746
434.5217803,475.3077548,84.98263368,93.80722757,129.6754288,1199.680337,1430.884148,853.3503565,1746.408868,676.7699715,136.6594576,1451.288746
434.5217803,475.3077548,84.98263368,93.80722757,129.6754288,1199.680337,1430.884148,853.3503565,1746.408868,676.7699715,136.6594576,1451.288746
434.5217803,475.3077548,84.98263368,93.80722757,129.6754288,1199.680337,1430.884148,853.3503565,1746.408868,676.7699715,136.6594576,1451.288746
434.5217803,475.3077548,84.98263368,93.80722757,129.6754288,1199.680337,1430.884148,853.3503565,1746.408868,676.7699715,136.6594576,1451.288746
434.5217803,475.3077548,84.98263368,93.80722757,129.6754288,1199.680337,1430.884148,853.3503565,1746.408868,676.7699715,136.6594576,1451.288746
434.5217803,475.3077548,84.98263368,93.80722757,129.6754288,1199.680337,1430.884148,853.3503565,1746.408868,676.7699715,136.6594576,1451.288746
437.6807085,477.4033456,85.41331414,94.62437673,129.6755363,1201.618741,1415.023222,844.4890401,1709.159014,671.8201809,137.3751534,1436.330522
437.6807085,477.4033456,85.41331414,94.62437673,129.6755363,1201.618741,1415.023222,844.4890401,1709.159014,671.8201809,137.3751534,1436.330522
437.6807085,477.4033456,85.41331414,94.62437673,129.6755363,1201.618741,1415.023222,844.4890401,1709.159014,671.8201809,137.3751534,1436.330522
437.6807085,477.4033456,85.41331414,94.62437673,129.6755363,1201.618741,1415.023222,844.4890401,1709.159014,671.8201809,137.3751534,1436.330522
437.6807085,477.4033456,85.41331414,94.62437673,129.6755363,1201.618741,1415.023222,844.4890401,1709.159014,671.8201809,137.3751534,1436.330522
437.6807085,477.4033456,85.41331414,94.62437673,129.6755363,1201.618741,1415.023222,844.4890401,1709.159014,671.8201809,137.3751534,1436.330522
437.6807085,477.4033456,85.41331414,94.62437673,129.6755363,1201.618741,1415.023222,844.4890401,1709.159014,671.8201809,137.3751534,1436.330522
437.6807085,477.4033456,85.41331414,94.62437673,129.6755363,1201.618741,1415.023222,844.4890401,1709.159014,671.8201809,137.3751534,1436.330522
437.6807085,477.4033456,85.41331414,94.62437673,129.6755363,1201.618741,1415.023222,844.4890401,1709.159014,671.8201809,137.3751534,1436.330522
437.6807085,477.4033456,85.41331414,94.62437673,129.6755363,1201.618741,1415.023222,844.4890401,1709.159014,671.8201809,137.3751534,1436.330522
440.8626018,479.5081757,85.84617723,95.44864402,129.6756439,1203.560278,1399.338111,835.7197409,1672.703677,666.9065922,138.0945973,1421.52647
440.8626018,479.5081757,85.84617723,95.44864402,129.6756439,1203.560278,1399.338111,835.7197409,1672.703677,666.9065922,138.0945973,1421.52647
440.8626018,479.5081757,85.84617723,95.44864402,129.6756439,1203.560278,1399.338111,835.7197409,1672.703677,666.9065922,138.0945973,1421.52647
440.8626018,479.5081757,85.84617723,95.44864402,129.6756439,1203.560278,1399.338111,835.7197409,1672.703677,666.9065922,138.0945973,1421.52647
440.8626018,479.5081757,85.84617723,95.44864402,129.6756439,1203.560278,1399.338111,835.7197409,1672.703677,666.9065922,138.0945973,1421.52647
440.8626018,479.5081757,85.84617723,95.44864402,129.6756439,1203.560278,1399.338111,835.7197409,1672.703677,666.9065922,138.0945973,1421.52647
440.8626018,479.5081757,85.84617723,95.44864402,129.6756439,1203.560278,1399.338111,835.7197409,1672.703677,666.9065922,138.0945973,1421.52647
440.8626018,479.5081757,85.84617723,95.44864402,129.6756439,1203.560278,1399.338111,835.7197409,1672.703677,666.9065922,138.0945973,1421.52647
440.8626018,479.5081757,85.84617723,95.44864402,129.6756439,1203.560278,1399.338111,835.7197409,1672.703677,666.9065922,138.0945973,1421.52647
440.8626018,479.5081757,85.84617723,95.44864402,129.6756439,1203.560278,1399.338111,835.7197409,1672.703677,666.9065922,138.0945973,1421.52647
444.0676272,481.6222858,86.28123401,96.28009145,129.6757514,1205.504953,1383.826864,827.0415034,1637.02591,662.0289409,138.8178091,1406.875001
444.0676272,481.6222858,86.28123401,96.28009145,129.6757514,1205.504953,1383.826864,827.0415034,1637.02591,662.0289409,138.8178091,1406.875001
444.0676272,481.6222858,86.28123401,96.28009145,129.6757514,1205.504953,1383.826864,827.0415034,1637.02591,662.0289409,138.8178091,1406.875001
444.0676272,481.6222858,86.28123401,96.28009145,129.6757514,1205.504953,1383.826864,827.0415034,1637.02591,662.0289409,138.8178091,1406.875001
444.0676272,481.6222858,86.28123401,96.28009145,129.6757514,1205.504953,1383.826864,827.0415034,1637.02591,662.0289409,138.8178091,1406.875001
444.0676272,481.6222858,86.28123401,96.28009145,129.6757514,1205.504953,1383.826864,827.0415034,1637.02591,662.0289409,138.8178091,1406.875001
444.0676272,481.6222858,86.28123401,96.28009145,129.6757514,1205.504953,1383.826864,827.0415034,1637.02591,662.0289409,138.8178091,1406.875001
444.0676272,481.6222858,86.28123401,96.28009145,129.6757514,1205.504953,1383.826864,827.0415034,1637.02591,662.0289409,138.8178091,1406.875001
444.0676272,481.6222858,86.28123401,96.28009145,129.6757514,1205.504953,1383.826864,827.0415034,1637.02591,662.0289409,138.8178091,1406.875001
444.0676272,481.6222858,86.28123401,96.28009145,129.6757514,1205.504953,1383.826864,827.0415034,1637.02591,662.0289409,138.8178091,1406.875001
447.2959527,483.7457168,86.7184956,97.11878157,129.6758589,1207.452769,1368.487555,818.453382,1602.109129,657.1869638,139.5448083,1392.374543
447.2959527,483.7457168,86.7184956,97.11878157,129.6758589,1207.452769,1368.487555,818.453382,1602.109129,657.1869638,139.5448083,1392.374543
447.2959527,483.7457168,86.7184956,97.11878157,129.6758589,1207.452769,1368.487555,818.453382,1602.109129,657.1869638,139.5448083,1392.374543
447.2959527,483.7457168,86.7184956,97.11878157,129.6758589,1207.452769,1368.487555,818.453382,1602.109129,657.1869638,139.5448083,1392.374543
447.2959527,483.7457168,86.7184956,97.11878157,129.6758589,1207.452769,1368.487555,818.453382,1602.109129,657.1869638,139.5448083,1392.374543
447.2959527,483.7457168,86.7184956,97.11878157,129.6758589,1207.452769,1368.487555,818.453382,1602.109129,657.1869638,139.5448083,1392.374543
447.2959527,483.7457168,86.7184956,97.11878157,129.6758589,1207.452769,1368.487555,818.453382,1602.109129,657.1869638,139.5448083,1392.374543
447.2959527,483.7457168,86.7184956,97.11878157,129.6758589,1207.452769,1368.487555,818.453382,1602.109129,657.1869638,139.5448083,1392.374543
447.2959527,483.7457168,86.7184956,97.11878157,129.6758589,1207.452769,1368.487555,818.453382,1602.109129,657.1869638,139.5448083,1392.374543
447.2959527,483.7457168,86.7184956,97.11878157,129.6758589,1207.452769,1368.487555,818.453382,1602.109129,657.1869638,139.5448083,1392.374543
450.5477479,485.8785098,87.15797317,97.96477747,129.6759665,1209.403732,1353.318277,809.9544409,1567.937102,652.3804003,140.2756149,1378.023539
450.5477479,485.8785098,87.15797317,97.96477747,129.6759665,1209.403732,1353.318277,809.9544409,1567.937102,652.3804003,140.2756149,1378.023539
450.5477479,485.8785098,87.15797317,97.96477747,129.6759665,1209.403732,1353.318277,809.9544409,1567.937102,652.3804003,140.2756149,1378.023539
450.5477479,485.8785098,87.15797317,97.96477747,129.6759665,1209.403732,1353.318277,809.9544409,1567.937102,652.3804003,140.2756149,1378.023539
450.5477479,485.8785098,87.15797317,97.96477747,129.6759665,1209.403732,1353.318277,809.9544409,1567.937102,652.3804003,140.2756149,1378.023539
450.5477479,485.8785098,87.15797317,97.96477747,129.6759665,1209.403732,1353.318277,809.9544409,1567.937102,652.3804003,140.2756149,1378.023539
450.5477479,485.8785098,87.15797317,97.96477747,129.6759665,1209.403732,1353.318277,809.9544409,1567.937102,652.3804003,140.2756149,1378.023539
450.5477479,485.8785098,87.15797317,97.96477747,129.6759665,1209.403732,1353.318277,809.9544409,1567.937102,652.3804003,140.2756149,1378.023539
450.5477479,485.8785098,87.15797317,97.96477747,129.6759665,1209.403732,1353.318277,809.9544409,1567.937102,652.3804003,140.2756149,1378.023539
450.5477479,485.8785098,87.15797317,97.96477747,129.6759665,1209.403732,1353.318277,809.9544409,1567.937102,652.3804003,140.2756149,1378.023539
453.8231832,488.0207061,87.59967795,98.81814279,129.676074,1211.357848,1338.317146,801.5437541,1534.493944,647.6089912,141.0102488,1363.820449
453.8231832,488.0207061,87.59967795,98.81814279,129.676074,1211.357848,1338.317146,801.5437541,1534.493944,647.6089912,141.0102488,1363.820449
453.8231832,488.0207061,87.59967795,98.81814279,129.676074,1211.357848,1338.317146,801.5437541,1534.493944,647.6089912,141.0102488,1363.820449
453.8231832,488.0207061,87.59967795,98.81814279,129.676074,1211.357848,1338.317146,801.5437541,1534.493944,647.6089912,141.0102488,1363.820449
453.8231832,488.0207061,87.59967795,98.81814279,129.676074,1211.357848,1338.317146,801.5437541,1534.493944,647.6089912,141.0102488,1363.820449
453.8231832,488.0207061,87.59967795,98.81814279,129.676074,1211.357848,1338.317146,801.5437541,1534.493944,647.6089912,141.0102488,1363.820449
453.8231832,488.0207061,87.59967795,98.81814279,129.676074,1211.357848,1338.317146,801.5437541,1534.493944,647.6089912,141.0102488,1363.820449
453.8231832,488.0207061,87.59967795,98.81814279,129.676074,1211.357848,1338.317146,801.5437541,1534.493944,647.6089912,141.0102488,1363.820449
453.8231832,488.0207061,87.59967795,98.81814279,129.676074,1211.357848,1338.317146,801.5437541,1534.493944,647.6089912,141.0102488,1363.820449
453.8231832,488.0207061,87.59967795,98.81814279,129.676074,1211.357848,1338.317146,801.5437541,1534.493944,647.6089912,141.0102488,1363.820449
456.5590119,490.6333557,88.09263117,99.52086126,130.0229925,1216.466129,1334.224505,799.2220559,1514.306385,647.1661793,141.8061542,1360.114167
456.5590119,490.6333557,88.09263117,99.52086126,130.0229925,1216.466129,1334.224505,799.2220559,1514.306385,647.1661793,141.8061542,1360.114167
456.5590119,490.6333557,88.09263117,99.52086126,130.0229925,1216.466129,1334.224505,799.2220559,1514.306385,647.1661793,141.8061542,1360.114167
456.5590119,490.6333557,88.09263117,99.52086126,130.0229925,1216.466129,1334.224505,799.2220559,1514.306385,647.1661793,141.8061542,1360.114167
456.5590119,490.6333557,88.09263117,99.52086126,130.0229925,1216.466129,1334.224505,799.2220559,1514.306385,647.1661793,141.8061542,1360.114167
456.5590119,490.6333557,88.09263117,99.52086126,130.0229925,1216.466129,1334.224505,799.2220559,1514.306385,647.1661793,141.8061542,1360.114167
456.5590119,490.6333557,88.09263117,99.52086126,130.0229925,1216.466129,1334.224505,799.2220559,1514.306385,647.1661793,141.8061542,1360.114167
456.5590119,490.6333557,88.09263117,99.52086126,130.0229925,1216.466129,1334.224505,799.2220559,1514.306385,647.1661793,141.8061542,1360.114167
456.5590119,490.6333557,88.09263117,99.52086126,130.0229925,1216.466129,1334.224505,799.2220559,1514.306385,647.1661793,141.8061542,1360.114167
456.5590119,490.6333557,88.09263117,99.52086126,130.0229925,1216.466129,1334.224505,799.2220559,1514.306385,647.1661793,141.8061542,1360.114167
458.7452166,493.7239048,88.63767157,100.0696248,130.7195079,1224.768465,1340.94066,802.9366275,1506.865055,651.0430916,142.6643235,1366.819404
458.7452166,493.7239048,88.63767157,100.0696248,130.7195079,1224.768465,1340.94066,802.9366275,1506.865055,651.0430916,142.6643235,1366.819404
458.7452166,493.7239048,88.63767157,100.0696248,130.7195079,1224.768465,1340.94066,802.9366275,1506.865055,651.0430916,142.6643235,1366.819404
458.7452166,493.7239048,88.63767157,100.0696248,130.7195079,1224.768465,1340.94066,802.9366275,1506.865055,651.0430916,142.6643235,1366.819404
458.7452166,493.7239048,88.63767157,100.0696248,130.7195079,1224.768465,1340.94066,802.9366275,1506.865055,651.0430916,142.6643235,1366.819404
458.7452166,493.7239048,88.63767157,100.0696248,130.7195079,1224.768465,1340.94066,802.9366275,1506.865055,651.0430916,142.6643235,1366.819404
458.7452166,493.7239048,88.63767157,100.0696248,130.7195079,1224.768465,1340.94066,802.9366275,1506.865055,651.0430916,142.6643235,1366.819404
458.7452166,493.7239048,88.63767157,100.0696248,130.7195079,1224.768465,1340.94066,802.9366275,1506.865055,651.0430916,142.6643235,1366.819404
458.7452166,493.7239048,88.63767157,100.0696248,130.7195079,1224.768465,1340.94066,802.9366275,1506.865055,651.0430916,142.6643235,1366.819404
458.7452166,493.7239048,88.63767157,100.0696248,130.7195079,1224.768465,1340.94066,802.9366275,1506.865055,651.0430916,142.6643235,1366.819404
460.9418898,496.8339216,89.18608421,100.6214142,131.4197545,1233.127464,1347.690622,806.6684635,1514.530118,654.943229,143.5276863,1373.557697
460.9418898,496.8339216,89.18608421,100.6214142,131.4197545,1233.127464,1347.690622,806.6684635,1514.530118,654.943229,143.5276863,1373.557697
460.9418898,496.8339216,89.18608421,100.6214142,131.4197545,1233.127464,1347.690622,806.6684635,1514.530118,654.943229,143.5276863,1373.557697
460.9418898,496.8339216,89.18608421,100.6214142,131.4197545,1233.127464,1347.690622,806.6684635,1514.530118,654.943229,143.5276863,1373.557697
460.9418898,496.8339216,89.18608421,100.6214142,131.4197545,1233.127464,1347.690622,806.6684635,1514.530118,654.943229,143.5276863,1373.557697
460.9418898,496.8339216,89.18608421,100.6214142,131.4197545,1233.127464,1347.690622,806.6684635,1514.530118,654.943229,143.5276863,1373.557697
460.9418898,496.8339216,89.18608421,100.6214142,131.4197545,1233.127464,1347.690622,806.6684635,1514.530118,654.943229,143.5276863,1373.557697
460.9418898,496.8339216,89.18608421,100.6214142,131.4197545,1233.127464,1347.690622,806.6684635,1514.530118,654.943229,143.5276863,1373.557697
460.9418898,496.8339216,89.18608421,100.6214142,131.4197545,1233.127464,1347.690622,806.6684635,1514.530118,654.943229,143.5276863,1373.557697
460.9418898,496.8339216,89.18608421,100.6214142,131.4197545,1233.127464,1347.690622,806.6684635,1514.530118,654.943229,143.5276863,1373.557697
463.1490816,499.9635287,89.73788995,101.1762463,132.1237521,1241.543514,1354.474562,810.417644,1522.234171,658.8667306,144.3962739,1380.329208
463.1490816,499.9635287,89.73788995,101.1762463,132.1237521,1241.543514,1354.474562,810.417644,1522.234171,658.8667306,144.3962739,1380.329208
463.1490816,499.9635287,89.73788995,101.1762463,132.1237521,1241.543514,1354.474562,810.417644,1522.234171,658.8667306,144.3962739,1380.329208
463.1490816,499.9635287,89.73788995,101.1762463,132.1237521,1241.543514,1354.474562,810.417644,1522.234171,658.8667306,144.3962739,1380.329208
463.1490816,499.9635287,89.73788995,101.1762463,132.1237521,1241.543514,1354.474562,810.417644,1522.234171,658.8667306,144.3962739,1380.329208
463.1490816,499.9635287,89.73788995,101.1762463,132.1237521,1241.543514,1354.474562,810.417644,1522.234171,658.8667306,144.3962739,1380.329208
463.1490816,499.9635287,89.73788995,101.1762463,132.1237521,1241.543514,1354.474562,810.417644,1522.234171,658.8667306,144.3962739,1380.329208
463.1490816,499.9635287,89.73788995,101.1762463,132.1237521,1241.543514,1354.474562,810.417644,1522.234171,658.8667306,144.3962739,1380.329208
463.1490816,499.9635287,89.73788995,101.1762463,132.1237521,1241.543514,1354.474562,810.417644,1522.234171,658.8667306,144.3962739,1380.329208
463.1490816,499.9635287,89.73788995,101.1762463,132.1237521,1241.543514,1354.474562,810.417644,1522.234171,658.8667306,144.3962739,1380.329208
465.3668425,503.1128495,90.29310978,101.7341377,132.831521,1250.017002,1361.29265,814.1842498,1529.977413,662.8137363,145.2701179,1387.134103
465.3668425,503.1128495,90.29310978,101.7341377,132.831521,1250.017002,1361.29265,814.1842498,1529.977413,662.8137363,145.2701179,1387.134103
465.3668425,503.1128495,90.29310978,101.7341377,132.831521,1250.017002,1361.29265,814.1842498,1529.977413,662.8137363,145.2701179,1387.134103
465.3668425,503.1128495,90.29310978,101.7341377,132.831521,1250.017002,1361.29265,814.1842498,1529.977413,662.8137363,145.2701179,1387.134103
465.3668425,503.1128495,90.29310978,101.7341377,132.831521,1250.017002,1361.29265,814.1842498,1529.977413,662.8137363,145.2701179,1387.134103
465.3668425,503.1128495,90.29310978,101.7341377,132.831521,1250.017002,1361.29265,814.1842498,1529.977413,662.8137363,145.2701179,1387.134103
465.3668425,503.1128495,90.29310978,101.7341377,132.831521,1250.017002,1361.29265,814.1842498,1529.977413,662.8137363,145.2701179,1387.134103
465.3668425,503.1128495,90.29310978,101.7341377,132.831521,1250.017002,1361.29265,814.1842498,1529.977413,662.8137363,145.2701179,1387.134103
465.3668425,503.1128495,90.29310978,101.7341377,132.831521,1250.017002,1361.29265,814.1842498,1529.977413,662.8137363,145.2701179,1387.134103
465.3668425,503.1128495,90.29310978,101.7341377,132.831521,1250.017002,1361.29265,814.1842498,1529.977413,662.8137363,145.2701179,1387.134103
467.5952229,506.2820082,90.85176483,102.2951054,133.5430813,1258.548322,1368.145059,817.9683617,1537.760043,666.7843869,146.1492502,1393.972545
467.5952229,506.2820082,90.85176483,102.2951054,133.5430813,1258.548322,1368.145059,817.9683617,1537.760043,666.7843869,146.1492502,1393.972545
467.5952229,506.2820082,90.85176483,102.2951054,133.5430813,1258.548322,1368.145059,817.9683617,1537.760043,666.7843869,146.1492502,1393.972545
467.5952229,506.2820082,90.85176483,102.2951054,133.5430813,1258.548322,1368.145059,817.9683617,1537.760043,666.7843869,146.1492502,1393.972545
467.5952229,506.2820082,90.85176483,102.2951054,133.5430813,1258.548322,1368.145059,817.9683617,1537.760043,666.7843869,146.1492502,1393.972545
467.5952229,506.2820082,90.85176483,102.2951054,133.5430813,1258.548322,1368.145059,817.9683617,1537.760043,666.7843869,146.1492502,1393.972545
467.5952229,506.2820082,90.85176483,102.2951054,133.5430813,1258.548322,1368.145059,817.9683617,1537.760043,666.7843869,146.1492502,1393.972545
467.5952229,506.2820082,90.85176483,102.2951054,133.5430813,1258.548322,1368.145059,817.9683617,1537.760043,666.7843869,146.1492502,1393.972545
467.5952229,506.2820082,90.85176483,102.2951054,133.5430813,1258.548322,1368.145059,817.9683617,1537.760043,666.7843869,146.1492502,1393.972545
467.5952229,506.2820082,90.85176483,102.2951054,133.5430813,1258.548322,1368.145059,817.9683617,1537.760043,666.7843869,146.1492502,1393.972545
469.8342738,509.4711297,91.41387635,102.8591662,134.2584533,1267.137867,1375.031962,821.7700612,1545.582261,670.7788241,147.0337027,1400.844701
469.8342738,509.4711297,91.41387635,102.8591662,134.2584533,1267.137867,1375.031962,821.7700612,1545.582261,670.7788241,147.0337027,1400.844701
469.8342738,509.4711297,91.41387635,102.8591662,134.2584533,1267.137867,1375.031962,821.7700612,1545.582261,670.7788241,147.0337027,1400.844701
469.8342738,509.4711297,91.41387635,102.8591662,134.2584533,1267.137867,1375.031962,821.7700612,1545.582261,670.7788241,147.0337027,1400.844701
469.8342738,509.4711297,91.41387635,102.8591662,134.2584533,1267.137867,1375.031962,821.7700612,1545.582261,670.7788241,147.0337027,1400.844701
469.8342738,509.4711297,91.41387635,102.8591662,134.2584533,1267.137867,1375.031962,821.7700612,1545.582261,670.7788241,147.0337027,1400.844701
469.8342738,509.4711297,91.41387635,102.8591662,134.2584533,1267.137867,1375.031962,821.7700612,1545.582261,670.7788241,147.0337027,1400.844701
469.8342738,509.4711297,91.41387635,102.8591662,134.2584533,1267.137867,1375.031962,821.7700612,1545.582261,670.7788241,147.0337027,1400.844701
469.8342738,509.4711297,91.41387635,102.8591662,134.2584533,1267.137867,1375.031962,821.7700612,1545.582261,670.7788241,147.0337027,1400.844701
469.8342738,509.4711297,91.41387635,102.8591662,134.2584533,1267.137867,1375.031962,821.7700612,1545.582261,670.7788241,147.0337027,1400.844701
472.0840463,512.6803398,91.97946572,103.4263373,134.9776575,1275.786036,1381.953531,825.5894299,1553.444269,674.7971903,147.9235077,1407.750735
472.0840463,512.6803398,91.97946572,103.4263373,134.9776575,1275.786036,1381.953531,825.5894299,1553.444269,674.7971903,147.9235077,1407.750735
472.0840463,512.6803398,91.97946572,103.4263373,134.9776575,1275.786036,1381.953531,825.5894299,1553.444269,674.7971903,147.9235077,1407.750735
472.0840463,512.6803398,91.97946572,103.4263373,134.9776575,1275.786036,1381.953531,825.5894299,1553.444269,674.7971903,147.9235077,1407.750735
472.0840463,512.6803398,91.97946572,103.4263373,134.9776575,1275.786036,1381.953531,825.5894299,1553.444269,674.7971903,147.9235077,1407.750735
472.0840463,512.6803398,91.97946572,103.4263373,134.9776575,1275.786036,1381.953531,825.5894299,1553.444269,674.7971903,147.9235077,1407.750735
472.0840463,512.6803398,91.97946572,103.4263373,134.9776575,1275.786036,1381.953531,825.5894299,1553.444269,674.7971903,147.9235077,1407.750735
472.0840463,512.6803398,91.97946572,103.4263373,134.9776575,1275.786036,1381.953531,825.5894299,1553.444269,674.7971903,147.9235077,1407.750735
472.0840463,512.6803398,91.97946572,103.4263373,134.9776575,1275.786036,1381.953531,825.5894299,1553.444269,674.7971903,147.9235077,1407.750735
472.0840463,512.6803398,91.97946572,103.4263373,134.9776575,1275.786036,1381.953531,825.5894299,1553.444269,674.7971903,147.9235077,1407.750735
474.3445917,515.9097651,92.54855447,103.9966359,135.7007144,1284.493228,1388.909942,829.4265501,1561.34627,678.839629,148.8186975,1414.690815
474.3445917,515.9097651,92.54855447,103.9966359,135.7007144,1284.493228,1388.909942,829.4265501,1561.34627,678.839629,148.8186975,1414.690815
474.3445917,515.9097651,92.54855447,103.9966359,135.7007144,1284.493228,1388.909942,829.4265501,1561.34627,678.839629,148.8186975,1414.690815
474.3445917,515.9097651,92.54855447,103.9966359,135.7007144,1284.493228,1388.909942,829.4265501,1561.34627,678.839629,148.8186975,1414.690815
474.3445917,515.9097651,92.54855447,103.9966359,135.7007144,1284.493228,1388.909942,829.4265501,1561.34627,678.839629,148.8186975,1414.690815
474.3445917,515.9097651,92.54855447,103.9966359,135.7007144,1284.493228,1388.909942,829.4265501,1561.34627,678.839629,148.8186975,1414.690815
474.3445917,515.9097651,92.54855447,103.9966359,135.7007144,1284.493228,1388.909942,829.4265501,1561.34627,678.839629,148.8186975,1414.690815
474.3445917,515.9097651,92.54855447,103.9966359,135.7007144,1284.493228,1388.909942,829.4265501,1561.34627,678.839629,148.8186975,1414.690815
474.3445917,515.9097651,92.54855447,103.9966359,135.7007144,1284.493228,1388.909942,829.4265501,1561.34627,678.839629,148.8186975,1414.690815
474.3445917,515.9097651,92.54855447,103.9966359,135.7007144,1284.493228,1388.909942,829.4265501,1561.34627,678.839629,148.8186975,1414.690815
476.6159615,519.1595328,93.12116425,104.5700791,136.4276446,1293.259847,1395.901369,833.2815042,1569.288465,682.9062843,149.7193048,1421.66511
476.6159615,519.1595328,93.12116425,104.5700791,136.4276446,1293.259847,1395.901369,833.2815042,1569.288465,682.9062843,149.7193048,1421.66511
476.6159615,519.1595328,93.12116425,104.5700791,136.4276446,1293.259847,1395.901369,833.2815042,1569.288465,682.9062843,149.7193048,1421.66511
476.6159615,519.1595328,93.12116425,104.5700791,136.4276446,1293.259847,1395.901369,833.2815042,1569.288465,682.9062843,149.7193048,1421.66511
476.6159615,519.1595328,93.12116425,104.5700791,136.4276446,1293.259847,1395.901369,833.2815042,1569.288465,682.9062843,149.7193048,1421.66511
